song_name,singer,singer_id,duration,language,released_date,danceability,acousticness,energy,liveness,loudness,speechiness,tempo,mode,key,Valence,time_signature,popularity,Stream
Jug Jug Jiyaasu Lalanwa,Alka Yagnik,/artist/alka-yagnik,03:16,Bhojpuri,09-03-2005,0.57,0.57,0.531,0.281,-6.274,0.0028,174.967,0,10,0.08,4,89,5427449
Lal Lal Hothwa Se,Lata Mangeshkar|Talat Mahmood,/artist/lata-mangeshkar|/artist/talat-mahmood,03:21,Bhojpuri,10-01-2007,0.81,0.7,0.804,0.37,-4.314,0.047,173.988,1,5,0.047,4,44,9875138
Dhan Dhan Bhag Lalnawa,Alka Yagnik|Udit Narayan|Asha Bhosle,/artist/alka-yagnik|/artist/udit-narayan|/artist/asha-bhosle-1,05:55,Bhojpuri,10-10-2022,0.65,0.16,0.911,0.271,-9.92,0.04,173.969,1,5,0.089,4,66,10810043
Kashi Hille Patna Hille,Manna Dey,/artist/manna-dey,03:18,Bhojpuri,02-07-2017,0.21,0.933,0.684,0.843,-10.598,0.014,174.004,1,7,0.08,4,32,5738414
Gorki Patarki Re,Asha Bhosle|Mohammed Rafi,/artist/asha-bhosle-1|/artist/mohammad-rafi,03:33,Bhojpuri,02-10-2004,0.27,0.64,0.346,0.247,-12.48,0.0059,173.966,1,2,0.05,4,51,426704
Aankh Se Aankh Milke,Suresh Wadkar|Alka Yagnik,/artist/suresh-wadkar|/artist/alka-yagnik,03:14,Bhojpuri,09-05-2002,0.46,0.809,0.13,0.143,-5.51,0.06,174.012,1,7,0.078,4,74,6047513
Gavna Karval Ae Hari Ji,Bharat Sharma Vyas,/artist/bharat-sharma-vyas,05:02,Bhojpuri,09-05-2008,0.22,0.59,0.055,0.733,-2.278,0.021,173.009,1,7,0.073,4,88,2627211
Dekhali Sapanwa Mein Ayile,Bharat Sharma Vyas,/artist/bharat-sharma-vyas,06:47,Bhojpuri,02-09-2001,0.18,0.963,0.599,0.919,-4.843,0.01,174.181,0,11,0.03,4,63,11241680
Na Ja Chhod Ke Tu Akele,Kunal Singh|Aanchal|Seema,/artist/kunal-singh|/artist/aanchal-1|/artist/seema,04:41,Bhojpuri,09-01-2019,0.3,0.79,0.569,0.119,-10.409,0.0144,174.049,0,5,0.0602,4,98,6130010
Laagi Nahi Chhoote Ram,Lata Mangeshkar|Talat Mahmood,/artist/lata-mangeshkar|/artist/talat-mahmood,03:17,Bhojpuri,09-05-2014,0.02,0.123,0.615,0.264,-7.038,0.05,174.996,1,0,0.0006,4,77,9406026
Hamaar Piyawa,Asha Bhosle,/artist/asha-bhosle-1,02:57,Bhojpuri,05-03-2008,0.57,0.38,0.624,0.489,-3.827,0.07,172.032,0,5,0.0184,4,61,3839279
Aankh Mein Suratiya,Chandrani Mukherjee,/artist/chandrani-mukherjee,03:12,Bhojpuri,07-01-2005,0.4,0.36,0.79,0.724,-13.117,0.0445,170.032,1,11,0.071,4,40,7076025
Birhi Basuriya,Sharda Sinha,/artist/sharda-sinha,07:01,Bhojpuri,12-12-2011,0.34,0.18,0.623,0.108,-2.641,0.085,173.963,0,6,0.06,4,48,10950425
Raja Piy Jani Gaanja Ho Kharaab Ho Jaibai,Bharat Sharma Vyas,/artist/bharat-sharma-vyas,06:38,Bhojpuri,03-08-2017,0.82,0.843,0.539,0.894,-13.087,0.0562,173.974,0,3,0.02,4,55,1624279
Ghir Aayil Kariya Badariya,Alka Yagnik,/artist/alka-yagnik,03:18,Bhojpuri,07-06-2022,0.05,0.85,0.937,0.578,-13.961,0.052,174.837,1,2,0.037,4,28,10336954
Chhodi Gayil Re Raat Sejariya,Bharat Sharma Vyas,/artist/bharat-sharma-vyas,04:49,Bhojpuri,06-04-2002,0.8,0.948,0.639,0.965,-6.445,0.0272,174.038,0,8,0.008,4,86,10936932
Papiha Ke Boliya,Sharda Sinha,/artist/sharda-sinha,05:20,Bhojpuri,04-05-2005,0.24,0.02,0.316,0.166,-3.71,0.055,173.941,0,10,0.055,4,47,10370845
Chodi Ke Chalailu,Chandrani Mukherjee,/artist/chandrani-mukherjee,03:49,Bhojpuri,09-04-2019,0.54,0.553,0.418,0.07,-6.241,0.06,173.976,1,4,0.017,4,57,5983579
Ugahe Suraj Dev Bhela Bhinu,VINDHYAVASINI DEVI,/artist/vindhyavasini-devi,02:05,Bhojpuri,11-05-2016,0.98,0.61,0.072,0.44,-3.315,0.0244,174.025,0,5,0.02,4,94,11089450
Ae Doctor Babu Batayi,Shabbir Kumar|Alka Yagnik,/artist/shabbir-kumar|/artist/alka-yagnik,05:16,Bhojpuri,03-04-2012,0.37,0.729,0.711,0.21,-7.747,0.035,173.989,0,5,0.047,4,92,5575318
Nirhu Hasya Kahani,BECHAN RAM|Saathi,/artist/bechan-ram|/artist/saathi,29:10:00,Bhojpuri,03-06-2022,0.69,0.01,0.801,0.89,-8.56,0.0224,174.973,0,5,0.08,4,25,8562341
More Honthwa Se Nathuniya,Asha Bhosle,/artist/asha-bhosle-1,03:28,Bhojpuri,04-08-2008,0.02,0.476,0.348,0.879,-8.997,0.099,174.038,0,8,0.06,4,25,8520753
Hansi Ke Je Dekha Tu Ek Beriya,Asha Bhosle,/artist/asha-bhosle-1,06:32,Bhojpuri,01-12-2016,0.17,0.38,0.46,0.062,-13.097,0.042,173.998,1,11,0.077,4,36,4032047
Sonwa Ke Pinjra Men,Mohammed Rafi,/artist/mohammad-rafi,03:06,Bhojpuri,12-11-2007,0.29,0.818,0.289,0.08,-6.929,0.032,174.026,0,10,0.05,4,81,7573819
Patna Sahariya,Sharda Sinha,/artist/sharda-sinha,06:00,Bhojpuri,09-03-2011,0.78,0.09,0.039,0.61,-7.27,0.01,173.819,0,2,0.0625,4,37,8404695
Chorwa Na Le Jaye,Mohammed Rafi,/artist/mohammad-rafi,03:03,Bhojpuri,01-08-2018,0.37,0.156,0.738,0.468,-2.781,0.083,174.064,0,10,0.0702,4,97,7894669
Kanhwa Ke Tilak,Chandrani Mukherjee,/artist/chandrani-mukherjee,02:26,Bhojpuri,03-09-2009,0.67,0.8,0.978,0.944,-13.356,0.062,174.044,1,4,0.03,4,52,10495683
Bada Pareshan,Asha Bhosle,/artist/asha-bhosle-1,03:15,Bhojpuri,04-01-2013,0.17,0.954,0.655,0.779,-9.332,0.08,174.036,0,9,0.0382,4,80,2939959
Jaldi Jaldi Chal Re Kahara,Mohammed Rafi,/artist/mohammad-rafi,03:12,Bhojpuri,07-08-2021,0.89,0.64,0.159,0.623,-4.695,0.092,175.084,1,1,0.07,4,78,1243846
Birha Sauteli Maa(Netradaan),Om Prakash Yadav,/artist/om-prakash-yadav,31:12:00,Bhojpuri,03-05-2022,0.39,0.775,0.2,0.621,-4.104,0.0897,173.016,1,1,0.011,4,82,5514338
Jahiya Gavna Ke Aai Doli,Bharat Sharma Vyas,/artist/bharat-sharma-vyas,07:56,Bhojpuri,02-01-2016,0.8,0.49,0.581,0.912,-12.936,0.035,175.012,0,1,0.07,4,34,2351078
Hansi Hansi Panwa Khiwanle,Mahendra Kapoor|Manna Dey,/artist/mahendra-kapoor|/artist/manna-dey,03:31,Bhojpuri,08-03-2001,0.53,0.266,0.54,0.843,-6.933,0.0186,174.096,1,5,0.02,4,94,11199967
More Karejwa Men Pir,Lata Mangeshkar|Usha Mangeshkar,/artist/lata-mangeshkar|/artist/usha-mangeshkar-2,02:29,Bhojpuri,12-03-2018,0.32,0.37,0.39,0.322,-10.314,0.03,174.07,0,5,0.0572,4,40,3637274
Mare Mastniya,Aniruddha Prasad Singh,/artist/aniruddha-prasad-singh,05:11,Bhojpuri,12-03-2023,0.23,0.509,0.586,0.007,-4.784,0.05,174.986,0,5,0.05,4,94,6065832
Kuch Deja Nishani O Balma,Shama Bano,/artist/shama-bano,03:05,Bhojpuri,10-01-2008,0.16,0.03,0.071,0.021,-8.85,0.006,175.012,0,11,0.06,4,39,10595340
Phoot Gaile Kismatiya - Mohdrafi,Mohammed Rafi,/artist/mohammad-rafi,03:23,Bhojpuri,06-02-2019,0.45,0.861,0.917,0.571,-3.89,0.0453,174.014,0,11,0.03,4,94,7589543
Piritiya Kahe Na Lagavle,Sharda Sinha,/artist/sharda-sinha,04:39,Bhojpuri,04-05-2019,0.49,0.53,0.394,0.797,-4.645,0.0831,173.963,0,2,0.008,4,97,9292842
Badariya Gheri Aayee Nandi,Sharda Sinha,/artist/sharda-sinha,05:18,Bhojpuri,11-08-2016,0.97,0.194,0.429,0.334,-6.761,0.09,173.951,1,11,0.02,4,44,7159526
Hey Tripurari Hey,Usha Mangeshkar,/artist/usha-mangeshkar-2,03:21,Bhojpuri,09-06-2015,0.7,0.9,0.034,0.503,-12.47,0.0741,173.976,1,6,0.026,4,53,6918805
Sajanwa Bairi Bhaile Hamar,Alka Yagnik,/artist/alka-yagnik,06:43,Bhojpuri,07-05-2015,0.12,0.412,0.295,0,-12.142,0.0204,174.968,0,4,0.0831,4,59,8264853
Aajamgadh Harijan Hatyakaand,BECHAN RAM|Saathi,/artist/bechan-ram|/artist/saathi,29:19:00,Bhojpuri,12-02-2001,0.55,0.59,0.725,0.239,-12.535,0.03,174.048,0,10,0.03,4,41,217757
Ulta Ho Gaile Nagaria,Joginder Singh,/artist/joginder-singh,02:33,Bhojpuri,01-03-2006,0.69,0.042,0.842,0.542,-10.768,0.0919,175.016,0,4,0.0955,4,37,6212477
Chali Bhai Khetava Ki Aur,Aniruddha Prasad Singh,/artist/aniruddha-prasad-singh,03:19,Bhojpuri,02-05-2009,0.3,0.99,0.241,0.401,-9.393,0.0439,174.095,0,6,0.011,4,97,3381403
Chadhte Phagun Jiyara,Mohammed Rafi,/artist/mohammad-rafi,03:04,Bhojpuri,04-07-2014,0.62,0.735,0.723,0.239,-4.302,0.023,174.983,1,7,0.015,4,52,9069114
Mori Kalaiya,Lata Mangeshkar,/artist/lata-mangeshkar,03:07,Bhojpuri,12-02-2018,0.27,0.86,0.174,0.672,-6.666,0.01,175.001,1,6,0.0382,4,43,2482822
Jab Hum Jaai Naiharwan,Asha Bhosle|Chorus,/artist/asha-bhosle-1|/artist/chorus,05:06,Bhojpuri,02-05-2007,1,0.023,0.696,0.111,-8.487,0.07,173.994,1,1,0.0088,4,66,8810377
Saam Chakeba Khelbahe -Tohe Badka Bhaiya Ho,Sharda Sinha,/artist/sharda-sinha,06:01,Bhojpuri,03-06-2022,0.87,0.8,0.471,0.209,-6.182,0.09,174.016,0,8,0.05,4,90,508068
Baanjhi Kewdwa Dhaile Thaadh,Sharda Sinha,/artist/sharda-sinha,08:58,Bhojpuri,02-03-2017,0.59,0.174,0.187,0.749,-4.235,0.0379,174.02,0,5,0.05,4,36,5273894
Rakhiya Bandhala Bhaiya,Lata Mangeshkar,/artist/lata-mangeshkar,03:24,Bhojpuri,11-05-2015,0.35,0.61,0.883,0.06,-9.127,0.0032,175.175,0,9,0.055,4,74,1576645
Ye Balma Pardesi,Alka Yagnik|Udit Narayan,/artist/alka-yagnik|/artist/udit-narayan,06:22,Bhojpuri,02-06-2021,0.59,0.474,0.1,0.751,-8.129,0.098,174.069,0,0,0.01,4,65,1749147
Phoot Gaile Kismatiya,Asha Bhosle|Mohammed Rafi,/artist/asha-bhosle-1|/artist/mohammad-rafi,03:26,Bhojpuri,11-02-2007,0.18,0.75,0.343,0.574,-4.027,0.09,174.976,0,7,0.03,4,31,733136
Birha Bhullu Darji,Om Prakash Yadav,/artist/om-prakash-yadav,31:10:00,Bhojpuri,01-04-2019,0.05,0.756,0.27,0.396,-9.149,0.04,176,0,10,0.06,4,35,2458976
Ugihen Suraj Gosaiyan Hey,Sharda Sinha,/artist/sharda-sinha,04:42,Bhojpuri,04-06-2016,0.27,0.72,0.391,0.311,-4.364,0.004,174.009,1,1,0.0762,4,27,2341017
Hey Ganga Maiya,Sharda Sinha,/artist/sharda-sinha,06:31,Bhojpuri,12-05-2023,0.99,0.858,0.067,0.137,-6.389,0.065,172.06,1,7,0.078,4,71,5566801
Mere Mathe Ka Sindur,Lata Mangeshkar,/artist/lata-mangeshkar,04:17,Bhojpuri,06-07-2004,0.06,0.21,0.195,0.923,-5.308,0.03,173.971,1,2,0.089,4,50,9967100
Sama Khele Chalali,Sharda Sinha,/artist/sharda-sinha,08:51,Bhojpuri,02-04-2018,0.75,0.068,0.289,0.489,-5.082,0.09,172.01,1,0,0.012,4,74,1406955
Satahi Ghorawa Suraj Dev,VINDHYAVASINI DEVI,/artist/vindhyavasini-devi,02:56,Bhojpuri,08-01-2009,0.98,0.86,0.397,0.601,-6.86,0.0091,174.054,1,9,0.04,4,55,10073665
Kerawaje Pharela Ghaud Se - Chhath Geet,Preeti Sagar,/artist/preeti-sagar,06:15,Bhojpuri,04-09-2005,0.69,0.364,0.856,0.054,-12.318,0.06,175.042,1,0,0.0498,4,38,141064
Luk Chuk Badra,Lata Mangeshkar,/artist/lata-mangeshkar,02:42,Bhojpuri,07-05-2019,0.75,0.85,0.6,0.015,-6.674,0.069,174.995,0,10,0.0577,4,94,2642225
Bhola Baba Ke Bhawanva,Aniruddha Prasad Singh,/artist/aniruddha-prasad-singh,04:19,Bhojpuri,05-05-2007,0.77,0.47,0.672,0.489,-11.273,0.088,174.971,1,1,0.07,4,98,10394915
Aeke Karvatiya Kari Sejiya Par Bhor,Bharat Sharma Vyas,/artist/bharat-sharma-vyas,07:14,Bhojpuri,02-01-2003,0.37,0.87,0.529,0.572,-10.617,0.04,173.983,0,1,0.075,4,50,727280
Mor Bhangia Ka Manai De,Mohammed Rafi|Asha Bhosle,/artist/mohammad-rafi|/artist/asha-bhosle-1,05:01,Bhojpuri,08-12-2020,0.37,0.907,0.616,0.627,-9.691,0.047,174.058,0,9,0.043,4,85,8158376
Sati Sulochana,HAIDER ALI JUGNU,/artist/haider-ali-jugnu,59:41:00,Bhojpuri,02-11-2020,0.46,0.43,0.006,0.179,-3.765,0.0654,174.005,1,6,0.01,4,80,2518219
Kahe Heera Se,Mahendra Kapoor,/artist/mahendra-kapoor,06:37,Bhojpuri,01-10-2018,0.06,0.036,0.423,0.039,-10.218,0.037,173.981,1,8,0.05,4,81,9899655
Jiyaba Bhail Ji Ke Kaal,Sharda Sinha,/artist/sharda-sinha,06:53,Bhojpuri,07-01-2002,0.65,0.67,0.976,0.566,-6.22,0,175.023,0,9,0.0968,4,41,394360
Ratiya Ghusal Ghar Mein,Asha Bhosle,/artist/asha-bhosle-1,03:24,Bhojpuri,05-11-2010,0.33,0.433,0.832,0.264,-2.059,0.079,173.999,0,4,0.011,4,99,118882
Hamar Bail Gadi,Joginder Singh,/artist/joginder-singh,03:08,Bhojpuri,03-03-2009,0.11,0.26,0.875,0.161,-6.405,0.07,173.984,0,9,0.05,4,39,7502946
Ja Ree Ja Lado,Asha Bhosle|Sathi,/artist/asha-bhosle-1|/artist/sathi,08:12,Bhojpuri,12-01-2007,0.28,0.611,0.064,0.562,-6.326,0.017,174.09,1,2,0.09,4,92,1969350
Roz Rahiyo Nihaare Nayanva Sajanva,Bharat Sharma Vyas,/artist/bharat-sharma-vyas,05:42,Bhojpuri,08-06-2013,0.13,0.75,0.351,0.939,-10.302,0.08,174.008,0,10,0.061,4,71,2326627
Birha Aginiya Dhadhake,Munna Singh,/artist/munna-singh,07:53,Bhojpuri,03-04-2012,0.2,0.954,0.85,0.437,-11.04,0.064,174.932,1,5,0.0514,4,63,8210277
Todke Pinjra,Asha Bhosle,/artist/asha-bhosle-1,03:34,Bhojpuri,08-02-2017,0.91,0.93,0.065,0.542,-12.899,0.091,173.995,0,7,0.0855,4,44,2421326
Aare Mala Japare,Mahendra Kapoor|Usha Mangeshkar,/artist/mahendra-kapoor|/artist/usha-mangeshkar-2,04:03,Bhojpuri,01-01-2019,0.56,0.776,0.386,0.482,-6.676,0.05,174.044,0,0,0.0608,4,85,9238793
Kahe Bansuria Bajaile - Sad,Lata Mangeshkar,/artist/lata-mangeshkar,03:06,Bhojpuri,10-01-2019,0.29,0.6,0.658,0.25,-5.591,0.06,173.962,0,9,0.07,4,38,5108047
Munhwase Bola Part - 2,Asha Bhosle|Manna Dey,/artist/asha-bhosle-1|/artist/manna-dey,06:44,Bhojpuri,08-03-2000,0.75,0.573,0.88,0.088,-6.927,0.06,173.995,1,1,0.012,4,72,5293609
Rimjhim Barshela Sawanoa - Kajri,Geeta Dutt|Koumodi Mazumder,/artist/geeta-dutt|/artist/koumodi-mazumder,03:36,Bhojpuri,07-02-2018,0.86,0.01,0.874,0.521,-9.648,0.054,174.964,0,10,0.078,4,26,9921721
Hamari Nathuniya Ke Nagawa,Asha Bhosle,/artist/asha-bhosle-1,05:01,Bhojpuri,07-02-2015,0.17,0.795,0.989,0.65,-8.456,0.07,174.976,1,8,0.016,4,67,1501954
Kangna Kahan Se Ayo,Shama Bano,/artist/shama-bano,02:48,Bhojpuri,10-02-2018,0.61,0.08,0.186,0.722,-2.734,0.06,171.91,0,5,0.071,4,88,8698886
Jaagat Raha Bhaiya,Mohammed Rafi,/artist/mohammad-rafi,03:00,Bhojpuri,11-01-2015,0.45,0.43,0.332,0.307,-6.713,0.03,172.022,1,8,0.078,4,88,2586515
Rang Ras Ras Barse,Baleshwar|Chorus,/artist/baleshwar|/artist/chorus,06:21,Bhojpuri,12-01-2022,0.24,0.25,0.7,0.923,-2.897,0.036,173.9,1,7,0.0739,4,60,3319970
Kone Rang Mora Bala,Aniruddha Prasad Singh,/artist/aniruddha-prasad-singh,06:27,Bhojpuri,06-04-2014,0.15,0.48,0.672,0.503,-12.381,0.0021,174.001,1,8,0.096,4,88,8266194
Chupchap Tu Dekhat Chal,Suresh Wadkar,/artist/suresh-wadkar,05:00,Bhojpuri,08-12-2005,0.09,0.54,0.931,0.98,-9.46,0.0264,175.973,0,4,0.06,4,70,6465394
Badlal Desava Ke Byavhaar,Manna Dey|Chorus,/artist/manna-dey|/artist/chorus,06:35,Bhojpuri,12-06-2016,0.48,0.875,0.949,0.723,-2.194,0.07,175.039,1,1,0.059,4,82,2713547
Jiya Na Laage Gharba,Sharda Sinha,/artist/sharda-sinha,05:42,Bhojpuri,05-06-2004,0.08,0.57,0.947,0.823,-2.695,0.0353,171.986,0,1,0.09,4,92,894166
Kehu Lootera Kehu Chor,Asha Bhosle,/artist/asha-bhosle-1,03:35,Bhojpuri,09-03-2008,0.04,0.892,0.383,0.592,-12.39,0.0442,175.055,1,2,0.023,4,28,7868870
Piya Mehandi Liyaida Motijheel Se,Urmila Srivastav,/artist/urmila-srivastav,06:00,Bhojpuri,07-03-2014,0.64,0.15,0.264,0.108,-2.355,0.027,174.068,0,9,0.035,4,52,6877285
Ab To Lagat Mora Solvwa Saal,Suman Kalyanpur,/artist/suman-kalyanpur,03:07,Bhojpuri,03-01-2010,0.03,0.817,0.182,0.396,-7.492,0.08,173.995,0,5,0.0527,4,88,1541850
Suraj Dubale Saanjh Suhani,Asha Bhosle|Mahendra Kapoor,/artist/asha-bhosle-1|/artist/mahendra-kapoor,05:00,Bhojpuri,04-04-2011,0.57,0.84,0.089,0.882,-3.515,0.08,173,1,1,0.08,4,44,2166785
Bhabi Jan Najaria Lag Jayegi,Joginder Singh,/artist/joginder-singh,02:41,Bhojpuri,01-10-2003,0.32,0.563,0.836,0.549,-10.667,0.039,174.971,0,8,0.016,4,87,4321940
Raat Ba Andriya,Sharda Sinha,/artist/sharda-sinha,06:34,Bhojpuri,05-10-2005,0.15,0.72,0.884,0.56,-5.366,0.065,170.041,1,1,0.0954,4,99,2534399
Mahabharat Mein Karn Aur Karn Putra Kaushal Ki Jung,BIHARI KAVI|Sathi,/artist/bihari-kavi|/artist/sathi,29:00:00,Bhojpuri,01-03-2010,0.03,0.772,0.31,0.595,-11.991,0.0915,171.982,0,0,0.013,4,39,4409183
Haath Mein Mehandi Maang Sindurwa,Saira Bano Faizabadi,/artist/saira-bano-faizabadi-20,04:26,Bhojpuri,05-03-2014,0.7,0.5,0.325,0.564,-13.565,0.0981,173.968,1,0,0.054,4,28,7056020
Dog Mog Doli,Asha Bhosle|Mohammed Rafi,/artist/asha-bhosle-1|/artist/mohammad-rafi,06:08,Bhojpuri,01-06-2003,0.66,0.926,0.438,0.091,-11.211,0.053,174.016,1,1,0.008,4,95,4220802
Dadaji Banale Raja Ke Ghoda,Usha Mangeshkar|Shailendra Singh|Mahendra Kapoor,/artist/usha-mangeshkar-2|/artist/shailendra-singh|/artist/mahendra-kapoor,04:42,Bhojpuri,01-11-2012,0.17,0.72,0.085,0.565,-5.231,0.0045,174.007,1,1,0.0178,4,27,4308519
Anjoriya Ae Gori,Suresh Wadkar|Alka Yagnik,/artist/suresh-wadkar|/artist/alka-yagnik,05:00,Bhojpuri,01-12-2003,0.73,0.128,0.491,0.348,-3.508,0.07,174.992,0,1,0.02,4,91,599275
Sati Sukanya,Mahendra Kapoor|Usha Mangeshkar,/artist/mahendra-kapoor|/artist/usha-mangeshkar-2,04:08,Bhojpuri,03-06-2010,0.81,0.26,0.824,0.492,-12.398,0.076,174.039,0,6,0.053,4,87,8359309
Mahal Par Kaga,Sharda Sinha,/artist/sharda-sinha,05:42,Bhojpuri,12-04-2019,0.07,0.397,0.567,0.95,-10.361,0.0285,173.989,1,7,0.063,4,31,6957789
Dumri Ke Ho Phoolba,Sharda Sinha,/artist/sharda-sinha,06:04,Bhojpuri,05-08-2017,0.68,0.24,0.013,0.756,-9.266,0.01,174.008,0,11,0.008,4,63,4515317
Munhwase Bola Part - 1,Asha Bhosle|Manna Dey,/artist/asha-bhosle-1|/artist/manna-dey,02:32,Bhojpuri,03-01-2006,0.8,0.579,0.625,0.307,-2.189,0.0365,173.927,0,11,0.0906,4,78,7440582
Jagdambe Bhawani Aavain More Angna,PRABHA SINGH|ANJANA SINGH,/artist/prabha-singh|/artist/anjana-singh,06:08,Bhojpuri,12-10-2018,0.28,0.89,0.297,0.484,-7.298,0.007,173.9,1,2,0.081,4,48,9869674
Daroga Ji Se Kahiyo,Munni Ketkiwali,/artist/munni-ketkiwali,03:08,Bhojpuri,10-12-2011,0.1,0.507,0.408,0.326,-8.291,0.0504,173.978,0,0,0.0475,4,58,6334942
Jahar Khibe,Sharda Sinha,/artist/sharda-sinha,05:16,Bhojpuri,02-09-2022,0.89,0.49,0.542,0.538,-8.878,0.099,174.998,0,9,0.0118,4,25,4323054
Pardesiya Se Ladal Najariyan,Kavita Krishnamurthy,/artist/kavita-subramaniam,05:27,Bhojpuri,03-12-2014,0.66,0.874,0.822,0.642,-13.444,0.033,173.998,1,8,0.05,4,72,6647115
Phoolwa Ki Beni Se,Asha Bhosle,/artist/asha-bhosle-1,03:22,Bhojpuri,04-02-2024,0.04,0.52,0.518,0.547,-11.714,0.0987,174.068,1,1,0.0971,4,50,8416447
Kalkattwa Se Aavela,Sharda Sinha,/artist/sharda-sinha,06:01,Bhojpuri,12-03-2005,0.26,0.967,0.834,0.466,-9.011,0.088,175.098,0,2,0.08,4,68,8767937
Chupchaap Kehu Baithal Ba,Bharat Sharma Vyas,/artist/bharat-sharma-vyas,07:53,Bhojpuri,04-03-2021,0.23,0.84,0.41,0.633,-2.127,0.0893,174,1,7,0.0947,4,47,55148
Kiran Phoot Gayeel,Sharda Sinha,/artist/sharda-sinha,05:00,Bhojpuri,03-02-2001,0.77,0.245,0.563,0.431,-4.276,0.09,174.012,0,3,0.0332,4,100,1431008
So Ja So Ja Mere Lal,Lata Mangeshkar,/artist/lata-mangeshkar,03:18,Bhojpuri,07-03-2018,0.68,0.7,0.456,0.159,-5.613,0.06,174.088,0,9,0.061,4,98,1514276
Maanal Kara Balmu,Sharda Sinha,/artist/sharda-sinha,04:55,Bhojpuri,03-06-2006,0.95,0.039,0.491,0.101,-9.066,0.0274,174.13,1,10,0.02,4,79,7541
Kekar Naiya Men Irchi Mirichia,VINDHYAVASINI DEVI,/artist/vindhyavasini-devi,02:07,Bhojpuri,12-07-2008,0.15,0.95,0.585,0.428,-4.726,0.1,173.999,0,9,0.0527,4,76,76577
Pahile Pahile,Usha Mangeshkar|Dilraj Kaur,/artist/usha-mangeshkar-2|/artist/dilraj-kaur,06:08,Bhojpuri,05-10-2000,0.24,0.188,0.076,0.115,-13.474,0.023,174,0,6,0.03,4,54,4803752
Saj Ke To Gaili Rama,Suman Kalyanpur,/artist/suman-kalyanpur,03:02,Bhojpuri,01-12-2010,0.91,0.98,0.983,0.702,-5.64,0.08,174.074,0,11,0.04,4,61,3192233
Jahiya Se Gayeele Saiyan,Sharda Sinha,/artist/sharda-sinha,08:06,Bhojpuri,06-01-2013,0.44,0.445,0.154,0.913,-4.371,0.075,174.011,1,0,0.09,4,29,9575760
Meri Pariksha Teri Pareeksha,Lata Mangeshkar,/artist/lata-mangeshkar,06:14,Bhojpuri,04-07-2021,0.38,0.29,0.305,0.958,-13.033,0.03,174.037,1,6,0.003,4,51,8196751
Santoshi Maiya,Usha Mangeshkar,/artist/usha-mangeshkar-2,03:29,Bhojpuri,08-07-2007,0.45,0.911,0.714,0.573,-3.209,0.0043,174.005,1,11,0.0814,4,68,4505403
Gore Se Hum Kaale Pad Gaye,MUNNI DEVI,/artist/munni-devi,07:51,Bhojpuri,12-03-2016,0.44,0.48,0.786,0.232,-7.142,0.006,169.953,0,6,0.01,4,65,4611291
Gavnva Na Jaibo Ram,Sharda Sinha,/artist/sharda-sinha,05:04,Bhojpuri,07-11-2021,0.98,0.82,0.03,0.015,-11.974,0.08,172.987,0,4,0.0874,4,27,8471059
Raakhi Har Saal,Alka Yagnik|Manhar Udhas,/artist/alka-yagnik|/artist/manhar-udhas,06:47,Bhojpuri,02-12-2019,0.13,0.54,0.628,0.016,-8.87,0.0015,173.981,0,6,0.01,4,25,11248154
Aare Mala Japare,Mahendra Kapoor|Usha Mangeshkar,/artist/mahendra-kapoor|/artist/usha-mangeshkar-2,04:03,Bhojpuri,03-02-2000,0.96,0.544,0.748,0.376,-6.356,0.0846,174.016,1,7,0.034,4,100,11197731
Laike Namba Tohar,Asha Bhosle,/artist/asha-bhosle-1,03:01,Bhojpuri,12-06-2003,0.82,0.5,0.89,0.221,-8.147,0.016,174.976,1,1,0.09,4,29,9411367
Sasura Se Aave Jaise Naee Dulhiniyaan,Bharat Sharma Vyas,/artist/bharat-sharma-vyas,09:20,Bhojpuri,02-02-2011,0.01,0.761,0.715,0.927,-5.994,0.053,174.023,0,10,0.02,4,78,2951184
He Ganga Maiya,Alka Yagnik,/artist/alka-yagnik,02:49,Bhojpuri,03-01-2008,0.2,0.43,0.223,0.013,-5.802,0.0465,172.028,0,3,0.04,4,89,10036205
Ho Ankhiya Lokha Na Bahav,Aniruddha Prasad Singh,/artist/aniruddha-prasad-singh,06:02,Bhojpuri,11-09-2018,0.53,0.124,0.438,0.393,-13.049,0.073,173.976,0,0,0.095,4,33,3411848
Mere Mathe Ka Sindur,Lata Mangeshkar,/artist/lata-mangeshkar,04:17,Bhojpuri,03-08-2018,0.75,0.73,0.787,0.301,-13.183,0.0311,173.978,1,4,0.047,4,58,8103034
Saiyan Tohra Khatir,Sharda Sinha,/artist/sharda-sinha,08:00,Bhojpuri,05-01-2021,0.15,0.333,0.238,0.049,-10.375,0.013,173.997,1,5,0.016,4,39,5458173
Maiya More Angna Mein Aai Hihur Ke,PRABHA SINGH|ANJANA SINGH,/artist/prabha-singh|/artist/anjana-singh,06:34,Bhojpuri,04-12-2007,0.96,0.25,0.247,0.966,-11.385,0.058,173.997,1,7,0.012,4,74,9828693
Jekra Tan Mein Jawani Ke,Bharat Sharma Vyas,/artist/bharat-sharma-vyas,06:34,Bhojpuri,09-02-2024,0.36,0.821,0.519,0.251,-5.962,0.0846,174.049,0,8,0.0674,4,52,2295111
Dinwa Ginat Mori,Suman Kalyanpur,/artist/suman-kalyanpur,03:15,Bhojpuri,04-01-2018,0.63,0.5,0.312,0.052,-4.761,0.0786,171.976,1,8,0.02,4,28,7077715
Kanwal Khiil Jaye,Shama Bano,/artist/shama-bano,03:00,Bhojpuri,09-08-2014,0.01,0.269,0.98,0.302,-13.65,0.09,175.001,0,0,0.04,4,73,5821142
Jhini Jhini Achrawa,Aniruddha Prasad Singh,/artist/aniruddha-prasad-singh,05:05,Bhojpuri,12-01-2013,0.31,0.7,0.567,0.987,-10.276,0.012,174.047,0,5,0.07,4,65,11132264
Dulhania Banade Balmu,Asha Bhosle,/artist/asha-bhosle-1,03:12,Bhojpuri,02-02-2002,0.48,0.514,0.057,0.415,-6.887,0.08,173.991,0,10,0.0847,4,28,2532874
Jai Jai Hoy Jaikaar Ho Maiya More,PRABHA SINGH|ANJANA SINGH,/artist/prabha-singh|/artist/anjana-singh,05:55,Bhojpuri,08-05-2006,0.32,0.23,0.78,0.425,-10.228,0.0602,173.032,0,11,0.06,4,76,6557366
Aaj Mahafil Mei,Asha Bhosle|Mahendra Kapoor,/artist/asha-bhosle-1|/artist/mahendra-kapoor,03:51,Bhojpuri,01-03-2007,0.71,0.453,0.299,0.209,-6.779,0.0669,173.037,1,7,0.045,4,69,1083293
Ek Te Chadhal Jawaniya,Asha Bhosle,/artist/asha-bhosle-1,06:08,Bhojpuri,09-04-2009,0.82,0.69,0.537,0.879,-11.337,0.028,172.137,0,9,0.0274,4,37,596736
Patra Ki Hat Par Nariyar,VINDHYAVASINI DEVI,/artist/vindhyavasini-devi,02:16,Bhojpuri,05-06-2011,0.19,0.94,0.908,0.075,-11.435,0.03,174,0,5,0.0547,4,86,7768176
Tohre Bhawan Badi Bheed Ho Kaise,PRABHA SINGH|ANJANA SINGH,/artist/prabha-singh|/artist/anjana-singh,05:29,Bhojpuri,01-01-2008,0.15,0.7,0.763,0.896,-7.344,0.1,175.02,0,5,0.079,4,96,5851975
Sunil Ye Shivji,Usha Mangeshkar|Chorus,/artist/usha-mangeshkar-2|/artist/chorus,05:03,Bhojpuri,01-02-2010,0.62,0.563,0.063,0.265,-5.934,0.0022,175.055,0,1,0.09,4,91,4820177
Kekar Naiya Men Irchi Mirichia,VINDHYAVASINI DEVI,/artist/vindhyavasini-devi,02:07,Bhojpuri,08-07-2014,0.59,0.4,0.459,0.984,-10.391,0.072,174.007,0,5,0.0815,4,69,5066907
Humse Na Hoi Banihariya,Sharda Sinha,/artist/sharda-sinha,04:00,Bhojpuri,05-12-2023,0.18,0.219,0.156,0.709,-10.981,0.0924,174.073,1,1,0,4,48,5949779
Chaar Pokhar Ke,Sharda Sinha,/artist/sharda-sinha,06:08,Bhojpuri,09-02-2003,0.33,0.93,0.636,0.373,-7.777,0,174.008,1,7,0.091,4,25,9241641
Mora Pichuarb,Sharda Sinha,/artist/sharda-sinha,04:49,Bhojpuri,11-04-2016,0.56,0.973,0.697,0.54,-4.042,0.091,174.004,0,10,0.082,4,67,6063124
Jise Ishq Ka Ho Dawa,Asha Bhosle|Mohammed Rafi,/artist/asha-bhosle-1|/artist/mohammad-rafi,10:41,Bhojpuri,03-11-2021,0.62,0.8,0.166,0.079,-11.006,0.033,174.023,0,1,0.07,4,88,2335843
Beti Ki Paribhasha,Ram Lautan Vishwakarma,/artist/ramlautan-vishwakarma-1,08:48,Bhojpuri,02-10-2008,0.85,0.564,0.08,0.87,-5.895,0.09,174.149,1,2,0.073,4,86,7503111
Logwaan Det - Kaahe Gaari,Sharda Sinha,/artist/sharda-sinha,07:52,Bhojpuri,04-11-2015,0.69,0.33,0.762,0.391,-13.664,0.01,174.038,0,8,0.03,4,92,793753
Maiya Jhule Chanan Jhulanwa,Urmila Srivastav,/artist/urmila-srivastav,05:51,Bhojpuri,08-03-2023,0.8,0.006,0.242,0.695,-5.945,0.09,173.991,1,1,0.07,4,94,4904990
Karfew Lage Kotwali Men,Joginder Singh,/artist/joginder-singh,02:58,Bhojpuri,01-01-2013,0.07,0.9,0.922,0.552,-11.888,0.061,173.009,0,9,0.0288,4,48,3126833
Muratiya Maiya Ke Neek Lage,PRABHA SINGH|ANJANA SINGH,/artist/prabha-singh|/artist/anjana-singh,07:53,Bhojpuri,03-03-2005,0.72,0.795,0.051,0.751,-11.783,0.058,174.032,0,6,0.019,4,99,1770800
Hamka Lai Chal,Asha Bhosle|Mahendra Kapoor,/artist/asha-bhosle-1|/artist/mahendra-kapoor,04:26,Bhojpuri,09-07-2015,0.23,0.1,0.745,0.165,-13.865,0.094,174.047,0,9,0.08,4,61,3836733
Saat Bahin Mori Devi Sharda,PRABHA SINGH|ANJANA SINGH,/artist/prabha-singh|/artist/anjana-singh,04:36,Bhojpuri,09-05-2014,0.35,0.187,0.426,0.575,-3.303,0.081,174.013,1,9,0.093,4,25,7024473
Saanwar - Sawar Suratiya Tohaar Dulha,Sharda Sinha,/artist/sharda-sinha,08:31,Bhojpuri,07-12-2006,0.96,0.93,0.447,0.579,-11.797,0.063,174.011,0,6,0.057,4,75,122759
Gawna Kara Ke Kahe Chhodal,Bharat Sharma Vyas,/artist/bharat-sharma-vyas,11:07,Bhojpuri,08-04-2011,0.38,0.65,0.025,0.38,-12.432,0.0534,174.011,0,10,0.0375,4,52,5760197
Ram Lakhan Dono Bhaiya,Usha Mangeshkar|Alka Yagnik,/artist/usha-mangeshkar-2|/artist/alka-yagnik,04:23,Bhojpuri,05-03-2008,0.77,0.8,0.607,0.557,-2.588,0,171.877,1,0,0.1,4,48,10971009
Bit Jala Ratiya Suhani,Saira Bano Faizabadi,/artist/saira-bano-faizabadi-20,05:36,Bhojpuri,11-11-2008,0.7,0.652,0.881,0.152,-3.493,0.067,171.977,1,7,0.0102,4,32,9321491
Johar Singh Krantikari(Shabnam Baai),KASHI BULLU YADAV|Sathi,/artist/kashi-bullu-yadav|/artist/sathi,29:56:00,Bhojpuri,11-11-2021,0.29,0.58,0.803,0.105,-12.12,0,173.98,0,9,0.074,4,56,3519141
Chadhal Jawani,Asha Bhosle,/artist/asha-bhosle-1,03:44,Bhojpuri,08-07-2013,0.9,0.984,0.896,0.754,-5.186,0.07,173.98,1,9,0.012,4,77,8039254
Fulwa Niyar Naar Sukvaar,Mohammed Rafi,/artist/mohammad-rafi,03:28,Bhojpuri,02-03-2016,0.48,0.19,0.891,0.163,-13.543,0.078,174.003,0,6,0.05,4,82,8354
Rashik Bhramare,Asha Bhosle,/artist/asha-bhosle-1,04:24,Bhojpuri,05-02-2011,0.22,0.333,0.039,0.29,-7.716,0.0689,173.021,1,1,0.02,4,31,11345247
Satahi Ghorawa Suraj Dev,VINDHYAVASINI DEVI,/artist/vindhyavasini-devi,02:56,Bhojpuri,03-11-2003,0.31,0.51,0.816,0.881,-7.968,0.02,173.909,1,1,0.08,4,35,10275412
Tohre Patri Kamaria Patang Goria,Suresh Wadkar|Usha Mangeshkar,/artist/suresh-wadkar|/artist/usha-mangeshkar-2,06:17,Bhojpuri,01-01-2014,0.5,0.115,0.945,0.741,-12.732,0.0396,175.02,1,8,0,4,77,7018136
Sun Kake Gharva Jab Se Gayil Baharva,Bharat Sharma Vyas,/artist/bharat-sharma-vyas,05:55,Bhojpuri,11-06-2017,0.07,0.82,0.245,0.543,-5.837,0.06,173.99,1,11,0.082,4,94,9921331
Ugahe Suraj Dev Bhela Bhinu,VINDHYAVASINI DEVI,/artist/vindhyavasini-devi,02:05,Bhojpuri,12-10-2003,0.18,0.127,0.494,0.646,-13.493,0.09,175.1,1,8,0.053,4,96,6274768
Kisanin Banih Na,Aniruddha Prasad Singh,/artist/aniruddha-prasad-singh,06:50,Bhojpuri,08-08-2004,0.27,0.31,0.84,0.34,-12.4,0.06,173.95,0,8,0.025,4,71,6387094
Sanwar Goriya,Kishore Kumar,/artist/kishore-kumar,03:13,Bhojpuri,04-02-2014,0.47,0.981,0.641,0.69,-11.099,0.08,170.009,0,10,0.01,4,77,2784103
Kabhiyon Peecha Na,Anuradha Paudwal,/artist/anuradha-paudwal-2,05:16,Bhojpuri,02-12-2007,0.21,0.2,0.691,0.998,-13.335,0.04,172.007,1,0,0.04,4,100,9459465
Kahat Nisadh,Aniruddha Prasad Singh,/artist/aniruddha-prasad-singh,04:25,Bhojpuri,08-07-2011,0.34,0.653,0.101,0.563,-10.585,0.07,175.045,0,11,0.0466,4,46,4105099
Pior Dhonia Malmal Ke,Kishore Kumar,/artist/kishore-kumar,04:55,Bhojpuri,02-01-2004,0.09,0.86,0.527,0.076,-5.193,0.094,174.981,1,1,0.0885,4,38,9371997
Na Darbe Jaan Laike Hatheli Par,Geeta Dutt|Kaumudi Majumdar|Manna Dey,/artist/geeta-dutt|/artist/kaumudi-majumdar|/artist/manna-dey,03:23,Bhojpuri,09-01-2007,0.15,0.981,0.8,0.419,-7.948,0.0269,173.951,1,1,0.085,4,46,1316881
Naihar Mein Jhula,Asha Bhosle|Usha Mangeshkar,/artist/asha-bhosle-1|/artist/usha-mangeshkar-2,03:32,Bhojpuri,05-02-2015,0.88,0.56,0.72,0.855,-2.379,0.0222,174.968,0,5,0.053,4,92,87652
Ho Mori Bhouji,Alka Yagnik|Suresh Wadkar,/artist/alka-yagnik|/artist/suresh-wadkar,03:16,Bhojpuri,10-12-2004,0.2,0.593,0.068,0.307,-4.541,0.0863,173.976,1,1,0.07,4,27,1928483
Najar Toy Hoy Gay Jigar Ke Paar,MUNNI DEVI,/artist/munni-devi,06:36,Bhojpuri,02-06-2002,0.58,0.7,0.941,0.763,-4.075,0.022,174.991,1,7,0.047,4,74,5022967
Barsane Ma Rang Barse,Mahendra Kapoor,/artist/mahendra-kapoor,06:21,Bhojpuri,09-03-2024,0.02,0.629,0.378,0.299,-9.33,0.0199,172.11,1,9,0.05,4,53,7823530
Laga Laga Re,Geeta Dutt|Sulochana Kadam,/artist/geeta-dutt|/artist/sulochana-kadam,03:28,Bhojpuri,02-01-2006,0.63,0.97,0.096,0.263,-9.108,0.0737,174.006,0,10,0.0054,4,35,6231047
Na Jaani Ram Bindiyan Kahan Gir Gayee,Saira Bano Faizabadi,/artist/saira-bano-faizabadi-20,03:39,Bhojpuri,10-12-2002,0.05,0.608,0.601,0.527,-13.248,0.09,175.08,1,0,0.061,4,38,4977421
Tadap Tadap Jiyawa Dehiya Mein,Mohammed Rafi,/artist/mohammad-rafi,03:03,Bhojpuri,05-04-2010,0.46,0.95,0.839,0.799,-8.994,0.02,173.956,1,1,0.0579,4,40,9605588
Beg Latkake Chalti Bazar,Bharat Sharma Vyas,/artist/bharat-sharma-vyas,06:21,Bhojpuri,08-01-2008,0.41,0.349,0.472,0.708,-5.608,0.0393,174.982,0,4,0.002,4,66,6190562
Bada Pyar Se Bolabela,Bharat Sharma Vyas,/artist/bharat-sharma-vyas,08:37,Bhojpuri,07-10-2022,0.03,0.21,0.816,0.348,-10.324,0.0469,174.009,0,5,0.0783,4,48,6625904
Jawani Paakal Mochhiya Par,Bharat Sharma Vyas,/artist/bharat-sharma-vyas,08:33,Bhojpuri,05-08-2012,0.74,0.665,0.344,0.701,-5.773,0.088,173.963,0,11,0.06,4,91,9117495
Dehiya Khilall,Suresh Wadkar|Alka Yagnik,/artist/suresh-wadkar|/artist/alka-yagnik,04:36,Bhojpuri,01-09-2005,0.67,0.61,0.13,0.802,-3.945,0.02,175.022,1,7,0.025,4,62,5072351
Baat Karte Rahi Pyar Dheere Dheere,Bharat Sharma Vyas,/artist/bharat-sharma-vyas,05:55,Bhojpuri,01-11-2007,0.65,0.504,0.964,0.974,-12.556,0.09,173.976,1,2,0.0891,4,43,3200722
Patra Ki Hat Par Nariyar,VINDHYAVASINI DEVI,/artist/vindhyavasini-devi,02:16,Bhojpuri,05-04-2019,0.24,0.33,0.416,0.099,-3.267,0.0982,173.992,0,5,0.0874,4,94,7466184
Chum Chatakan,HAIDER ALI JUGNU,/artist/haider-ali-jugnu,01:01:00,Bhojpuri,01-08-2018,0.9,0.71,0.246,0.994,-8.837,0.0073,174.018,0,5,0.098,4,51,261835
Aptan Lagi Rahi,Sharda Sinha,/artist/sharda-sinha,06:53,Bhojpuri,08-05-2002,0.43,0.56,0.093,0.604,-11.667,0.03,174.018,1,9,0.0351,4,92,5702349
Aa Re Re Re Ee Ka,Usha Mangeshkar,/artist/usha-mangeshkar-2,03:15,Bhojpuri,10-09-2018,0.16,0.591,0.478,0.672,-11.057,0.0542,174.035,0,5,0.041,4,83,2938025
Bhaiya Hamre Ram Jaisan,Shailendra Singh|Suresh Wadkar|Udit Narayan,/artist/shailendra-singh|/artist/suresh-wadkar|/artist/udit-narayan,03:48,Bhojpuri,08-02-2020,0.86,0.9,0.352,0.433,-4.387,0.03,174.066,0,1,0.0581,4,42,3213064
Rupahli Madhu Raat Mein,Asha Bhosle|Mahendra Kapoor,/artist/asha-bhosle-1|/artist/mahendra-kapoor,05:26,Bhojpuri,01-09-2015,0.59,0.096,0.754,0.95,-5.798,0.054,173.058,1,5,0.05,4,36,5552519
Launda Patwari Ka Bada Namkeen,Saira Bano Faizabadi,/artist/saira-bano-faizabadi-20,05:55,Bhojpuri,07-07-2004,0.73,0.88,0.318,0.513,-10.762,0.02,173.955,1,7,0.0065,4,29,8491750
Palang Chorhi Nache,Asha Bhosle|Usha Mangeshkar,/artist/asha-bhosle-1|/artist/usha-mangeshkar-2,03:27,Bhojpuri,05-02-2015,0.7,0.104,0.939,0.19,-6.889,0.0147,174.033,0,11,0.0839,4,59,2443798
Sutal Sanaih Aake Ke Do Jagagayil,Bharat Sharma Vyas,/artist/bharat-sharma-vyas,07:01,Bhojpuri,03-02-2012,0.34,0.73,0.922,0.497,-5.311,0.01,173.993,1,1,0.092,4,49,11173527
Ghoongta Uthaave Dulhaniya,Sharda Sinha,/artist/sharda-sinha,08:12,Bhojpuri,06-03-2013,0.4,0.848,0.309,0.004,-9.985,0.0655,172.077,0,10,0.058,4,96,10757327
Karvat Phera Do Balmua,Suresh Wadkar|Dilraj Kaur,/artist/suresh-wadkar|/artist/dilraj-kaur,05:16,Bhojpuri,07-06-2022,0.24,0.02,0.844,0.481,-3.207,0.076,174.976,0,5,0.095,4,39,3506143
O Pinjre Ke Tote Bata,Usha Mangeshkar,/artist/usha-mangeshkar-2,03:28,Bhojpuri,03-04-2009,0.14,0.432,0.075,0.862,-13.28,0.074,174.028,0,10,0.0548,4,52,8572305
Rimjhim Barse Sawanwa Ho,Urmila Srivastav,/artist/urmila-srivastav,05:37,Bhojpuri,06-04-2005,0.78,0.52,0.187,0.668,-4.787,0.09,173.988,0,9,0.0463,4,30,10574211
Hayr Mori Barkha Bahar,Shama Bano,/artist/shama-bano,03:16,Bhojpuri,08-08-2005,0.05,0.359,0.638,0.051,-7.391,0.082,173.983,1,7,0.02,4,43,7260778
Sang Sang Beti,Manna Dey|Mohammed Rafi,/artist/manna-dey|/artist/mohammad-rafi,03:22,Bhojpuri,04-09-2011,0.78,0.46,0.493,0.83,-8.415,0.01,175.014,0,5,0.0316,4,83,4568225
Tori Banki Re Pagadia,Asha Bhosle|Anand kumar C.,/artist/asha-bhosle-1|/artist/anandkumar-c,07:05,Bhojpuri,06-03-2019,0.78,0.843,0.672,0.529,-12.55,0.076,173.979,1,0,0.04,4,99,4714287
Devar Bhabhi Ka Pyar,Ram Lautan Vishwakarma,/artist/ramlautan-vishwakarma-1,20:23,Bhojpuri,03-12-2019,0.33,0.55,0.475,0.887,-11.579,0.02,172.995,0,10,0.046,4,32,9569473
Ae Ho Dagabaz Balma,Anuradha Paudwal,/artist/anuradha-paudwal-2,05:55,Bhojpuri,10-10-2015,0.99,0.902,0.97,0.346,-11.308,0.0463,174.005,0,8,0.09,4,69,10689350
Jayiyo Re Chanda Jayiyo,Anuradha Paudwal|Suresh Wadkar,/artist/anuradha-paudwal-2|/artist/suresh-wadkar,06:34,Bhojpuri,11-11-2005,0.59,0.37,0.335,0.933,-11.562,0.042,172.003,0,8,0.02,4,97,1137359
Kailai Yaar Goriya,Saira Bano Faizabadi,/artist/saira-bano-faizabadi-20,04:24,Bhojpuri,08-12-2010,0.16,0.719,0.479,0.707,-4.736,0.08,173.972,1,1,0.0938,4,40,3829279
Rah - Rah Maske Duino Jobanwa,Saira Bano Faizabadi,/artist/saira-bano-faizabadi-20,05:13,Bhojpuri,02-12-2014,0.23,0.64,0.97,0.304,-12.168,0.0644,174.095,0,11,0.0914,4,57,6203525
Aayil Barkha Bahar,Asha Bhosle,/artist/asha-bhosle-1,03:00,Bhojpuri,05-08-2007,0.33,0.421,0.274,0.767,-3.214,0.044,173.975,0,1,0.09,4,47,344942
Jiya Kasak Masak Mor Rahe Lagal,Mohammed Rafi,/artist/mohammad-rafi,03:01,Bhojpuri,10-04-2007,0.88,0.2,0.659,0.316,-12.108,0.07,174.035,0,1,0.02,4,50,10544908
Na Kehu Jane Kehu Samjhe,Manna Dey,/artist/manna-dey,03:21,Bhojpuri,12-02-2022,0.75,0.44,0.356,0.407,-8.999,0.0713,174.994,0,0,0.0289,4,26,396649
Buri Nazar Wale Tora Munh Kaala,Alka Yagnik|Udit Narayan,/artist/alka-yagnik|/artist/udit-narayan,06:00,Bhojpuri,06-10-2001,0.7,0.4,0.258,0.422,-7.6,0.07,173.976,1,7,0.09,4,72,5325306
Ishq Karaye O Jiski Jeb Me - Kejri,Mahendra Kapoor|Manna Dey,/artist/mahendra-kapoor|/artist/manna-dey,03:26,Bhojpuri,11-02-2005,0.17,0.688,0.374,0.84,-12.885,0.039,174.02,1,1,0.04,4,27,7518089
Aag Bam Bamak Bam,Kishore Kumar,/artist/kishore-kumar,05:00,Bhojpuri,07-11-2010,0.66,0.35,0.773,0.778,-13.513,0.0092,174.022,0,11,0.028,4,80,8843984
Phool Bagiya Ka,Asha Bhosle|Mohammed Rafi,/artist/asha-bhosle-1|/artist/mohammad-rafi,02:53,Bhojpuri,09-05-2002,0.06,0.268,0.34,0.333,-9.029,0.064,173.93,1,7,0.059,4,32,8896170
Sabki God Sanwarnewali,Usha Mangeshkar,/artist/usha-mangeshkar-2,04:35,Bhojpuri,06-06-2021,0.41,0.27,0.519,0.622,-6.89,0.0849,174.01,1,0,0.002,4,85,10035354
Ramayan Mein Mandodri Janm Aur Ravan Vivah  Sita Janm Aur Shree Ram Vivah,BIHARI KAVI|Sathi,/artist/bihari-kavi|/artist/sathi,30:00:00,Bhojpuri,08-09-2017,0.44,0.776,0.982,0.913,-11.046,0.09,173.978,1,11,0.08,4,39,2167979
Aaja Re Mitva,Mohammad Aziz|Alka Yagnik,/artist/mohammad-aziz|/artist/alka-yagnik,06:44,Bhojpuri,06-11-2012,0.01,0.78,0.516,0.143,-8.578,0.0676,174,0,0,0.058,4,36,7590094
Seeta Ke Sang Saheliyan,Sharda Sinha,/artist/sharda-sinha,06:48,Bhojpuri,09-04-2010,0.71,0.554,0.747,0.428,-13.685,0.0158,173.999,0,8,0.008,4,63,3248512
Akeli Dar Laage Raat Mori Amma,MUNNI DEVI,/artist/munni-devi,05:20,Bhojpuri,07-07-2010,0.72,0.24,0.432,0.803,-5.979,0.01,173.995,0,10,0.0786,4,85,5932117
Macharia Legai Mundarya Churaye,Razia Begum,/artist/razia-begum,03:22,Bhojpuri,04-07-2022,0.87,0.589,0.848,0.157,-13.108,0.058,173.998,1,4,0.0239,4,26,3281005
Kurta Mufat Men Dhoye Dhobla,Razia Begum,/artist/razia-begum,03:07,Bhojpuri,07-07-2019,0.56,0.78,0.478,0.496,-6.997,0.09,174.008,0,6,0.055,4,26,3754095
Kajar Bin Kari,Mohammed Rafi,/artist/mohammad-rafi,03:04,Bhojpuri,01-05-2002,0.51,0.436,0.707,0.257,-7.171,0.031,175.942,0,11,0.0646,4,50,4753806
Pawan Chalo Dhire,Razia Begum,/artist/razia-begum,03:13,Bhojpuri,11-01-2010,0.75,0.36,0.487,0.123,-9.947,0.03,173.937,0,0,0.04,4,76,5310066
Bida Karaye Le Jaale Re Baalam,MUNNI DEVI,/artist/munni-devi,05:18,Bhojpuri,05-04-2022,0.35,0.587,0.394,0.638,-5.222,0.09,173.973,1,5,0.1,4,82,4377523
Mori Bhaujia Ke,Lata Mangeshkar|Usha Mangeshkar,/artist/lata-mangeshkar|/artist/usha-mangeshkar-2,03:32,Bhojpuri,01-05-2003,0.91,0.57,0.388,0.459,-7.835,0.045,172.044,1,1,0.02,4,87,8986937
Bhagalpur Wali Kamar Jab,Shankar Yadav,/artist/shankar-yadav,03:34,Bhojpuri,10-01-2018,0.81,0.531,0.686,0.069,-9.205,0.0098,174.022,0,0,0.034,4,55,10605385
Nirmohi Chhod Gaye Re,MUNNI DEVI,/artist/munni-devi,03:54,Bhojpuri,02-12-2008,0.76,0.04,0.064,0.717,-4.903,0.06,173.958,0,8,0.0137,4,65,6106882
Kaare Kaare Kesiya,Manna Dey|Suman Kalyanpur,/artist/manna-dey|/artist/suman-kalyanpur,03:29,Bhojpuri,11-04-2018,0.57,0.034,0.723,0.872,-11.573,0.022,171.983,1,1,0.0819,4,29,7596888
Aashak Mashook Sama Sami,Asha Bhosle|Mahendra Kapoor|Anand kumar C.,/artist/asha-bhosle-1|/artist/mahendra-kapoor|/artist/anandkumar-c,05:35,Bhojpuri,08-05-2013,0.07,0.38,0.193,0.412,-12.683,0.0808,174.018,0,11,0.035,4,69,8241706
Jaan Laike Hatheli Par,Geeta Dutt|Manna Dey|Kaumodi Mazumder,/artist/geeta-dutt|/artist/manna-dey|/artist/kaumodi-mazumder,03:23,Bhojpuri,08-07-2016,0.84,0.072,0.114,0.159,-11.094,0.09,174.022,1,5,0.003,4,86,11156384
Dheere Dheere Beet Gayeel,Alka Yagnik|Sathi,/artist/alka-yagnik|/artist/sathi,05:29,Bhojpuri,08-12-2013,0.09,0.8,0.726,0.994,-13.992,0.009,171.972,0,1,0.09,4,27,8156299
Aav I Neendar Rani,Chandrani Mukherjee,/artist/chandrani-mukherjee,04:00,Bhojpuri,07-02-2003,0.77,0.774,0.18,0.748,-12.082,0.016,172.021,0,11,0.0929,4,84,7513448
Thoke Dulha,Asha Bhosle|Suresh Wadkar,/artist/asha-bhosle-1|/artist/suresh-wadkar,02:56,Bhojpuri,01-11-2017,0.63,0.01,0.993,0.624,-7.431,0.026,174.032,0,0,0.06,4,94,1363247
Bada Dagabaj,Alka Yagnik|Udit Narayan,/artist/alka-yagnik|/artist/udit-narayan,03:25,Bhojpuri,01-03-2022,0.39,0.217,0.236,0.93,-11.884,0.0798,174.012,0,1,0.047,4,99,1594245
Nadiya Ke Kinare Mora Dera,Yasmin Faizabadi,/artist/yasmin-faizabadi,03:08,Bhojpuri,10-03-2015,0.07,0.91,0.545,0.819,-5.241,0.02,173.981,1,1,0.0412,4,33,7279675
Gawanva Kaahe Le Aael,Munna Singh,/artist/munna-singh,08:06,Bhojpuri,07-12-2005,0.91,0.178,0.935,0.59,-9.347,0.06,174.023,1,1,0.0233,4,92,4266343
Dai Ke Ankhiyan Mein Kajra,Saira Bano Faizabadi,/artist/saira-bano-faizabadi-20,05:13,Bhojpuri,05-01-2014,0.19,0.1,0.153,0.304,-10.105,0.029,173.97,0,11,0.0339,4,53,8014850
Hum To Kishan Bhaiya,Mahendra Kapoor,/artist/mahendra-kapoor,03:21,Bhojpuri,03-01-2010,0.39,0.171,0.567,0.67,-2.92,0.08,174.954,1,1,0.09,4,46,9347648
Jab Tak Suraj Chand Rahega,Usha Mangeshkar,/artist/usha-mangeshkar-2,07:14,Bhojpuri,10-04-2015,0.94,0.59,0.834,0.069,-12.946,0.03,174.007,1,2,0.028,4,76,1295636
Ee Batabe Ke Pori,Usha Mangeshkar,/artist/usha-mangeshkar-2,03:12,Bhojpuri,09-02-2011,0.5,0.572,0.163,0.869,-9.954,0.0327,173.98,1,5,0.0813,4,38,7724894
Gahra Kuwan Rassi Chhoti Si,Minni Ketkiwali,/artist/minni-ketkiwali,03:11,Bhojpuri,04-05-2019,0.35,0.29,0.762,0.29,-13.057,0.0129,174.002,0,9,0.038,4,57,2916769
Sir Ke Sundoor Re Gavanva,Sharda Sinha,/artist/sharda-sinha,08:13,Bhojpuri,11-07-2006,0.19,0.71,0.003,0.948,-13.859,0.0559,173.952,0,8,0.042,4,35,1236685
Raaoor Nehiya Ba Anmol,Suresh Wadkar|Chandrani Mukherjee,/artist/suresh-wadkar|/artist/chandrani-mukherjee,05:00,Bhojpuri,12-04-2012,0.93,0.35,0.431,0.395,-13.597,0.067,175.008,1,6,0.0294,4,85,8997963
Khayike Maghiya Pan,Dilraj Kaur,/artist/dilraj-kaur,06:47,Bhojpuri,05-10-2021,0.9,0.382,0.717,0.061,-11.162,0.09,174.003,0,10,0.02,4,32,90899
Jeth Mahinwa Ka Din Dupahriya,Alka Yagnik,/artist/alka-yagnik,04:36,Bhojpuri,03-12-2002,0.77,0.2,0.474,0.681,-13.931,0.099,175.036,1,0,0.08,4,69,7187409
Sharabi Humka Mila Re Balma,Saira Bano Faizabadi,/artist/saira-bano-faizabadi-20,05:17,Bhojpuri,04-07-2019,0.63,0.793,0.994,0.834,-3.834,0.028,173.939,0,4,0.029,4,98,3449927
Aai Gayile Duara Kahaar,Dilraj Kaur,/artist/dilraj-kaur,06:21,Bhojpuri,11-11-2008,0.61,0.05,0.168,0.938,-5.156,0.01,173.978,1,10,0.09,4,87,9787933
Jounpur Ki Masahuri,Ram Lautan Vishwakarma,/artist/ramlautan-vishwakarma-1,04:55,Bhojpuri,03-05-2002,0.83,0.692,0.902,0.652,-12.927,0.043,173.97,1,7,0.1,4,60,1543314
Chirai To Chirai Baheliya,Usha Mangeshkar|Udit Narayan,/artist/usha-mangeshkar-2|/artist/udit-narayan,03:02,Bhojpuri,04-11-2007,0.21,0,0.895,0.437,-9.098,0.07,174.027,0,11,0.006,4,79,6904950
Mare Marda Ke Mehriya,Munna Singh,/artist/munna-singh,06:47,Bhojpuri,08-08-2006,0.59,0.698,0.743,0.627,-7.811,0.022,174.018,0,11,0.071,4,70,9400111
Rampur Se Chakku,Dilraj Kaur,/artist/dilraj-kaur,03:12,Bhojpuri,10-03-2008,0.66,0.76,0.136,0.608,-10.38,0.0206,174.013,0,7,0.0133,4,90,9113292
Base Mora Tohre Pe Pran,Mohammed Rafi,/artist/mohammad-rafi,03:26,Bhojpuri,12-11-2006,0.46,0.331,0.381,0.632,-4.637,0.035,174.029,1,6,0.022,4,90,2710450
Pyar Kayili To Dar Kono,Anuradha Paudwal|Suresh Wadkar,/artist/anuradha-paudwal-2|/artist/suresh-wadkar,05:02,Bhojpuri,04-03-2021,0.07,0.37,0.996,0.111,-10.386,0.031,174.008,0,9,0.097,4,91,3107664
Assi Chutki Nabbe Taal,Amit Kumar,/artist/amit-kumar,05:42,Bhojpuri,09-02-2020,0.43,0.938,0.185,0.02,-2.525,0.0644,171.938,1,11,0.0832,4,99,9245518
Teej Kajri Ka Dina Nagichan Ba,Urmila Srivastav,/artist/urmila-srivastav,06:45,Bhojpuri,07-01-2006,0.9,0.28,0.558,0.772,-12.747,0.07,173.906,0,5,0.093,4,74,1461734
Lagena No - No Meri Ho Matari Karade Gouna,MUNNI DEVI,/artist/munni-devi,06:03,Bhojpuri,04-02-2010,0.91,0.812,0.377,0.015,-8.829,0.024,172.044,0,7,0.08,4,96,9188084
Indal Haran,DEENA NATH YADAV,/artist/deena-nath-yadav,30:35:00,Bhojpuri,05-01-2013,0.96,0.42,0.744,0.339,-12.207,0.01,173.012,1,1,0.01,4,99,10486788
Umar Ladkiyan Na Chhedo Saiyan,Saira Bano Faizabadi,/artist/saira-bano-faizabadi-20,03:36,Bhojpuri,06-07-2012,0.32,0.231,0.743,0.75,-10.574,0.01,173.997,0,8,0.0223,4,52,5789220
Aav I Neendar Rani - 2,Chandrani Mukherjee,/artist/chandrani-mukherjee,01:00,Bhojpuri,10-02-2018,0.91,0.2,0.722,0.912,-12.411,0.085,173.979,0,11,0.0781,4,29,6865889
Bola Bola Daibu Ki Jaibu Thana Mein,Saira Bano Faizabadi,/artist/saira-bano-faizabadi-20,04:30,Bhojpuri,09-02-2009,0.97,0.578,0.25,0.139,-12.326,0.078,173.982,1,7,0.06,4,27,7399311
Akeli Dar Laage Raat Mori Amma,Saira Bano Faizabadi,/artist/saira-bano-faizabadi-20,05:02,Bhojpuri,05-01-2014,0.24,0.04,0.921,0.376,-13.861,0.018,174.016,0,11,0.01,4,61,7024314
Sochle Rahin Hum Pyar Na Karbai,Hemlata,/artist/hemlata,04:02,Bhojpuri,06-11-2012,0.44,0.783,0.388,0.467,-11.976,0.0284,169.971,1,9,0.01,4,87,11319575
O Pinjre Ke Tote Bata,Usha Mangeshkar,/artist/usha-mangeshkar-2,03:28,Bhojpuri,12-08-2004,0.33,0.95,0.021,0.75,-6.783,0.055,175.008,0,7,0.04,4,47,4712375
Ban Jaion Piya Ki Jogan - Chaiti,Suman Kalyanpur,/artist/suman-kalyanpur,03:16,Bhojpuri,03-10-2020,0.46,0.722,0.474,0.118,-8.176,0.053,174.961,1,5,0.0609,4,60,7079177
Jundari Bachon Sugna Se,Razia Begum,/artist/razia-begum,03:31,Bhojpuri,11-03-2011,0.52,0.69,0.944,0.801,-8.677,0.0571,174.034,1,8,0.06,4,92,1780658
Kabhi Pyar Mila Na Yahan,Pankaj Mitra,/artist/pankaj-mitra,03:03,Bhojpuri,08-04-2016,0.21,0.705,0.317,0.402,-13.827,0.02,172.018,0,11,0.02,4,71,134619
Calcatta Se Bambey Tak Hum,Asha Bhosle,/artist/asha-bhosle-1,05:16,Bhojpuri,06-02-2006,0.97,0.53,0.456,0.468,-10.065,0.05,174.016,0,8,0.04,4,93,2767306
Manhu More Bhaiya,Shabbir Kumar,/artist/shabbir-kumar,09:36,Bhojpuri,04-06-2017,0.53,0.037,0.754,0.711,-7.215,0.093,173.994,0,9,0.0697,4,57,4716344
Maayi Re Maayi Meet Ro Ao Maayi,Usha Mangeshkar|Alka Yagnik,/artist/usha-mangeshkar-2|/artist/alka-yagnik,04:36,Bhojpuri,07-05-2002,0.34,0.68,0.416,0.701,-9.898,0.077,173.64,1,2,0.0395,4,69,3396935
Rang Mein Hori Kaise Kheloori Sanwariya,MUNNI DEVI,/artist/munni-devi,05:14,Bhojpuri,04-01-2021,0.04,0.829,0.754,0.83,-8.318,0.09,174.013,1,6,0.036,4,77,10545669
Jadwa Do Nagina Ungriya Maa,MUNNI DEVI,/artist/munni-devi,04:15,Bhojpuri,06-04-2005,0.41,0.9,0.798,0.216,-2.196,0.01,174.755,0,11,0.0084,4,33,830973
Aaj Chamkat Ba,Priti Sagar|Dilraj Kaur,/artist/priti-sagar|/artist/dilraj-kaur,03:24,Bhojpuri,10-05-2007,0.79,0.027,0.255,0.553,-6.099,0.0917,175.002,0,0,0.0596,4,40,2962475
Milalba Sharabi Sainya,Munna Singh,/artist/munna-singh,07:01,Bhojpuri,01-03-2002,0.33,0.87,0.732,0.081,-4.785,0.013,175.001,1,1,0.08,4,52,5281351
Patna Se Vaidhya Bulaayi D,Sharda Sinha,/artist/sharda-sinha,04:00,Bhojpuri,07-10-2016,0.9,0.595,0.959,0.07,-12.204,0.041,149.957,0,9,0.0071,4,52,7939601
Bahela Piritiya Ke Nadia,Usha Mangeshkar,/artist/usha-mangeshkar-2,03:31,Bhojpuri,01-09-2018,0.5,0.31,0.352,0.726,-9.353,0.06,150.05,1,1,0.0068,4,91,7886014
Kisan Aur Kaptan,Shankar Yadav,/artist/shankar-yadav,06:51,Bhojpuri,11-05-2008,0.15,0.19,0.034,0.046,-13.263,0.053,150.041,0,9,0.01,4,88,3517509
Mohe Pagal Banake Jawani,Asha Bhosle,/artist/asha-bhosle-1,03:16,Bhojpuri,03-03-2018,0.03,0.39,0.697,0.493,-7.443,0.0859,151.966,0,5,0.075,4,38,7359604
Mujaffarpur Ke Lichiya,Chandrani Mukherjee,/artist/chandrani-mukherjee,04:00,Bhojpuri,08-10-2001,0.31,0.103,0.368,0.173,-5.768,0.05,150.128,1,1,0.065,4,29,10646748
Parichan Challi Sasu Suhagin,Sharda Sinha,/artist/sharda-sinha,07:01,Bhojpuri,04-11-2003,0.44,0.34,0.648,0.071,-12.374,0.0301,152.012,0,9,0.033,4,99,10728816
Hamra Balma Beimaan Sautanava Ko Chaahe,FATMA|Saira Bano Faizabadi,/artist/fatma|/artist/saira-bano-faizabadi-20,04:36,Bhojpuri,03-07-2019,0.38,0.281,0.542,0.122,-2.35,0.09,149.951,0,9,0.0393,4,39,8422258
Kabil Choudhary,VISHWANATH YADAV,/artist/vishwanath-yadav,28:43:00,Bhojpuri,03-02-2005,0.42,0.09,0.082,0.413,-8.283,0.0982,149.992,0,5,0.095,4,93,582597
Banwari Ho,Suman Kalyanpur,/artist/suman-kalyanpur,03:21,Bhojpuri,07-12-2005,0.81,0.798,0.6,0.41,-9.888,0.02,147.985,0,11,0.047,4,78,8163182
Dag Lagake Gharbar,Mahendra Kapoor,/artist/mahendra-kapoor,06:04,Bhojpuri,06-05-2015,0.64,0.47,0.483,0.811,-7.194,0.0065,150.019,1,1,0.03,4,50,10100605
Na Ja Chod Ke Tu Akele,Alka Yagnik,/artist/alka-yagnik,04:49,Bhojpuri,02-04-2004,0.96,0.6,0.268,0.473,-8.692,0.021,154.993,1,2,0.089,4,45,393284
Main Hoon Kali Kachnar,Razia Begum,/artist/razia-begum,02:50,Bhojpuri,11-10-2017,0.73,0.31,0.978,0.552,-6.172,0,150.179,0,7,0.05,4,37,3010450
Leke Julmi Jawani,Asha Bhosle,/artist/asha-bhosle-1,03:25,Bhojpuri,04-07-2018,0.88,0.046,0.119,0.433,-7.92,0.04,148.026,0,11,0.0998,4,97,113273
Jaunpur Kaand,HEERA LAL YADAV,/artist/heera-lal-yadav,31:10:00,Bhojpuri,08-12-2002,0.81,0.8,0.329,0.617,-12.291,0.06,150.005,0,5,0.05,4,68,9236826
Naiya Bhanvar Mein Maiya,Ram Lautan Vishwakarma,/artist/ramlautan-vishwakarma-1,03:22,Bhojpuri,01-02-2011,0.47,0.699,0.334,0.991,-11.871,0.08,150.001,0,7,0.04,4,83,2447751
Chaar Dina Kai Zindagani,Manna Dey,/artist/manna-dey,03:24,Bhojpuri,04-04-2002,0.39,0.94,0.601,0.654,-11.679,0.013,150.052,1,2,0.049,4,70,10675137
Duh Din Mein,Asha Bhosle,/artist/asha-bhosle-1,05:45,Bhojpuri,09-01-2005,0.93,0.519,0.116,0.715,-5.118,0.029,155.276,0,6,0.0893,4,91,1130189
Darbhanga Rajni Kand,KASHI BULLU YADAV|Sathi,/artist/kashi-bullu-yadav|/artist/sathi,30:53:00,Bhojpuri,04-03-2006,0.41,0.75,0.645,0.293,-10.176,0.07,150.015,0,2,0.0867,4,72,3917558
Rajai Vina Retiya,Usha Mangeshkar,/artist/usha-mangeshkar-2,03:11,Bhojpuri,12-10-2010,0.04,0.511,0.782,0.782,-6.865,0.01,150.118,1,3,0.083,4,78,8650819
Hare Bhole Nath Shiv Shankar Ee Dukh Hamra Haraa,Usha Mangeshkar,/artist/usha-mangeshkar-2,08:19,Bhojpuri,01-09-2021,0.96,0.32,0.371,0.338,-4.143,0.065,150.174,0,5,0.096,4,33,5343291
Mahabharat Mein Bhim Dwara Bakasur Ka Vadh,Paras Nath Yadav|PARTI,/artist/paras-nath-yadav|/artist/parti,30:24:00,Bhojpuri,12-02-2016,0.46,0.715,0.922,0.578,-11.383,0.05,149.944,0,5,0.06,4,43,1184149
Tani Hokhe Da Biyah Chhaila Hamra Se,Shabbir Kumar|Chandrani Mukherjee,/artist/shabbir-kumar|/artist/chandrani-mukherjee,04:00,Bhojpuri,02-09-2019,0.78,0.88,0.318,0.377,-11.663,0.03,150.048,0,2,0.077,4,91,4317736
Nanad Fulgenwa Ke Bhari Hayi Pani,Dilraj Kaur,/artist/dilraj-kaur,07:14,Bhojpuri,06-11-2004,0.81,0.318,0.987,0.31,-9.792,0.0104,148.826,1,5,0.073,4,55,4764568
Kaise Khele Jaibu Sawan Mein,Urmila Srivastav,/artist/urmila-srivastav,06:46,Bhojpuri,02-10-2018,0.82,0.49,0.916,0.361,-10.795,0.0958,150.1,1,0,0.008,4,63,1808452
Prem Angin Mein Bahut Hum Jarli,Suresh Wadkar|Alka Yagnik,/artist/suresh-wadkar|/artist/alka-yagnik,05:29,Bhojpuri,03-12-2019,0.35,0.106,0.319,0.957,-11.341,0.05,154.841,1,8,0.016,4,64,10363608
Urhanian He Bhouji,Shankar Yadav,/artist/shankar-yadav,03:01,Bhojpuri,05-06-2005,0.5,0.67,0.378,0.839,-13.009,0.0947,150.023,0,8,0.02,4,42,6798110
Hamaar Piyava Hamke Kora Uthave,Mohammad Aziz|Anuradha Paudwal,/artist/mohammad-aziz|/artist/anuradha-paudwal-2,05:55,Bhojpuri,12-04-2003,0.32,0.3,0.152,0.691,-9.008,0.08,149.975,1,9,0.067,4,87,1410702
Sath Take Ki Tohri Naukri,Chandrani Mukherjee,/artist/chandrani-mukherjee,05:42,Bhojpuri,12-08-2001,0.28,0.78,0.531,0.707,-9.418,0.009,150.132,0,5,0.051,4,42,11380383
Deke Daga,Usha Mangeshkar,/artist/usha-mangeshkar-2,02:49,Bhojpuri,09-08-2012,0.43,0.066,0.592,0.24,-7.587,0.09,150.031,0,4,0.0716,4,29,7888608
Andheriya Hai Raat Sajan Rahio Ki Jaiho,Saira Bano Faizabadi,/artist/saira-bano-faizabadi-20,03:05,Bhojpuri,05-12-2008,0.55,0.55,0.659,0.393,-10.285,0.092,154.971,0,7,0.09,4,57,3508344
Aise Chale Purva,Asha Bhosle,/artist/asha-bhosle-1,02:55,Bhojpuri,03-07-2009,0.99,0.085,0.705,0.618,-10.633,0.0436,150.023,1,1,0.041,4,56,6336838
Sajana Gaile Pardes (Vishad),YASHPAL SINGH|Kavita Krishnamurthy,/artist/yashpal-singh|/artist/kavita-subramaniam,05:42,Bhojpuri,01-12-2023,0.83,0.23,0.771,0.382,-10.06,0.0328,152.839,1,1,0.04,4,48,5560252
Dekh Budhu Ke Man Mein Priti Jaagal,Alka Yagnik|Udit Narayan,/artist/alka-yagnik|/artist/udit-narayan,05:02,Bhojpuri,03-03-2002,0.71,0.328,0.891,0.166,-12.323,0.032,149.974,0,0,0.038,4,62,922346
Haar Naulakha De Ke,Dilraj Kaur,/artist/dilraj-kaur,05:16,Bhojpuri,01-05-2007,0.27,0.5,0.678,0.222,-3.29,0.0424,149.928,1,2,0.031,4,56,3152296
Na Tu Kuchh Bola Na Ham Kuchh Boli,Alka Yagnik|Suresh Wadkar,/artist/alka-yagnik|/artist/suresh-wadkar,05:09,Bhojpuri,02-04-2022,0.88,0.277,0.219,0.013,-9.879,0.03,149.965,0,4,0.06,4,45,2388187
Kaam Nahi Kaaj,Asha Bhosle,/artist/asha-bhosle-1,03:03,Bhojpuri,04-02-2003,0.77,0.04,0.42,0.061,-10.659,0.08,149.943,0,5,0.0767,4,33,7520353
Kal Supne Mein Jahmi,Dilraj Kaur|Saathi,/artist/dilraj-kaur|/artist/saathi,06:34,Bhojpuri,12-04-2019,0.26,0.12,0.118,0.067,-12.149,0.035,149.985,1,6,0.0411,4,94,1466834
Nimiya Ke Daadh Maiya,CHANDRAMANI MUKHERJEE,/artist/chandramani-mukherjee,03:40,Bhojpuri,07-01-2019,0.97,0.94,0.146,0.519,-8.364,0.04,150.065,0,11,0.0783,4,74,3402665
Utha Gori Bol Gayo Mandir Mein Koaa,MUNNI DEVI,/artist/munni-devi,04:03,Bhojpuri,03-11-2015,0.49,0.949,0.592,0.997,-5.123,0.1,148.003,0,9,0.013,4,42,3090381
O Gujariya,SAYID KHAN,/artist/sayid-khan,04:36,Bhojpuri,10-02-2009,0.36,0.47,0.822,0.202,-12.444,0.03,157.045,0,4,0.04,4,65,2265896
Ankhiyan Men Gori Anjile Hai Gulal,Asha Bhosle|Mahendra Kapoor,/artist/asha-bhosle-1|/artist/mahendra-kapoor,04:25,Bhojpuri,01-02-2024,0.14,0.097,0.125,0.663,-12.609,0.0147,154.988,1,10,0.0545,4,96,1386434
Souteli Maa,Ram Lautan Vishwakarma,/artist/ramlautan-vishwakarma-1,16:09,Bhojpuri,08-03-2020,0.49,0.69,0.734,0.761,-13.3,0.0381,149.836,1,8,0.0337,4,89,367594
Chadli Jawani Udela Nayan Par,Saira Bano Faizabadi,/artist/saira-bano-faizabadi-20,05:34,Bhojpuri,12-06-2022,0.88,0.253,0.604,0.491,-2.635,0.04,153.998,0,10,0.07,4,40,4622630
Khul Ke Pyar Kari Ja,Anuradha Paudwal|Suresh Wadkar,/artist/anuradha-paudwal-2|/artist/suresh-wadkar,05:29,Bhojpuri,06-10-2022,0.77,0.48,0.884,0.606,-8.724,0.025,149.942,0,0,0.046,4,47,5164063
Hamre Hathwa Mein,Mahendra Kapoor,/artist/mahendra-kapoor,03:18,Bhojpuri,02-10-2012,0.17,0.803,0.528,0.866,-11.232,0.026,149.984,0,5,0.03,4,42,3822838
Padal Daka Chane Ke Khet Mein,Asha Bhosle,/artist/asha-bhosle-1,05:09,Bhojpuri,11-08-2020,0.77,0.99,0.413,0.027,-5.773,0.04,150.01,0,3,0.05,4,66,7328645
Baanh Ke Raakhab Rasriya Se,Alka Yagnik,/artist/alka-yagnik,04:49,Bhojpuri,01-03-2006,0.81,0.22,0.349,0.657,-2.053,0.013,149.996,0,11,0.0459,4,51,4308905
Devi Maiyya,Usha Mangeshkar,/artist/usha-mangeshkar-2,04:00,Bhojpuri,09-01-2003,0.17,0.85,0.114,0.52,-7.005,0.04,150.002,1,1,0.006,4,56,1486312
Hathiya Hathiya Sor Kayile,CHANDRAMANI MUKHERJEE,/artist/chandramani-mukherjee,03:31,Bhojpuri,06-05-2016,0.96,0.14,0.082,0.423,-7.495,0.06,149.96,1,9,0.0663,4,31,5029158
Rashik Bhramare,Asha Bhosle,/artist/asha-bhosle-1,04:24,Bhojpuri,12-04-2008,0.74,0.67,0.309,0.162,-5.07,0.052,149.97,1,7,0.045,4,80,4795314
Yashoda Tohare Lala Se Mai Haari,Urmila Srivastav,/artist/urmila-srivastav,05:31,Bhojpuri,06-09-2017,0.11,0.407,0.23,0.427,-8.409,0.065,150.04,0,9,0.0063,4,76,4198458
Ganga Jaisan Bhauji Hamaar,CHANDRAMANI MUKHERJEE|Udit Narayan,/artist/chandramani-mukherjee|/artist/udit-narayan,05:29,Bhojpuri,12-02-2017,0.87,0.04,0.824,0.181,-2.1,0.0971,149.918,1,8,0.082,4,94,8790749
Rasgulla Se Marke,Baleswar,/artist/baleswar-16,06:05,Bhojpuri,02-01-2010,0.39,0.303,0.412,0.744,-3.311,0.0663,149.966,0,3,0.05,4,53,6011268
Aaja Aaja Raja Kareja Mein,Anuradha Paudwal|Suresh Wadkar,/artist/anuradha-paudwal-2|/artist/suresh-wadkar,03:00,Bhojpuri,07-04-2018,0.81,0.91,0.629,0.884,-3.267,0.0539,150.017,0,9,0.0121,4,80,5302594
Manawa Na Laage Dekhi Saawari Surtiya,Anupama Deshpande|KISHORE DAYARAM,/artist/anupama-deshpande|/artist/kishore-dayaram,05:42,Bhojpuri,12-10-2004,0.23,0.081,0.919,0.154,-4.412,0.039,149.879,0,0,0.096,4,61,8996149
Baeran Ho Gayi Jhuleniya,MUNNI DEVI,/artist/munni-devi,03:57,Bhojpuri,01-09-2007,0.33,0.03,0.035,0.217,-5.452,0.0986,149.917,0,11,0.018,4,44,563893
Bhauji Jaise Bhaiya Mane,Geeta Dutt,/artist/geeta-dutt,03:28,Bhojpuri,08-04-2011,0.86,0.729,0.438,0.872,-3.138,0.0682,149.933,0,7,0,4,52,2373139
Jaane Hame Hai Babina,MUNNI DEVI,/artist/munni-devi,05:42,Bhojpuri,12-04-2005,0.16,0.96,0.129,0.943,-8.953,0.0213,150.024,0,7,0.044,4,62,9368394
Haay Re Jiyara(Vivah Geet),Sharda Sinha,/artist/sharda-sinha,04:36,Bhojpuri,02-01-2004,0.29,0.622,0.048,0.719,-9.364,0.0524,155.095,0,4,0.077,4,27,4827661
Chaahe Hamen Maaro Katari,Alka Yagnik,/artist/alka-yagnik,05:02,Bhojpuri,03-09-2004,0.77,0.14,0.667,0.781,-11.85,0.013,149.973,1,0,0.073,4,93,2877613
Bagia Mein Amba,Asha Bhosle|Suresh Wadkar,/artist/asha-bhosle-1|/artist/suresh-wadkar,03:12,Bhojpuri,10-01-2023,0.01,0.052,0.245,0.119,-9.565,0.06,150.098,1,7,0.0128,4,59,5342264
Piya Rakhih Senurawa Ke Laaj,Suresh Wadkar|CHANDRAMANI MUKHERJEE,/artist/suresh-wadkar|/artist/chandramani-mukherjee,04:05,Bhojpuri,04-02-2005,0.27,0.5,0.166,0.257,-9.98,0.0962,149.933,1,9,0.04,4,56,8653524
Aisan Basuria Bajao,Usha Mangeshkar,/artist/usha-mangeshkar-2,03:11,Bhojpuri,11-05-2004,0.34,0.64,0.752,0.999,-10.728,0.012,150.876,0,11,0.0566,4,80,7664531
Kitna Gayile Jail Khana,Dilraj Kaur,/artist/dilraj-kaur,06:21,Bhojpuri,07-11-2010,0.05,0.15,0.183,0.124,-13.805,0.0263,149.963,0,6,0.07,4,35,10040864
Aayal Tufan Mail Gadiya,Anuradha Paudwal|Dilraj Kaur|Sathi,/artist/anuradha-paudwal-2|/artist/dilraj-kaur|/artist/sathi,06:54,Bhojpuri,12-01-2007,0.72,0.282,0.206,0.929,-4.552,0.05,150.02,1,1,0.03,4,91,10596651
Saab Dukh Sahli,Usha Mangeshkar,/artist/usha-mangeshkar-2,05:55,Bhojpuri,04-06-2013,0.86,0.83,0.795,0.416,-2.354,0.089,149.907,0,9,0.05,4,26,699802
Nimiya Tale Doli Rakh De,Sharda Sinha,/artist/sharda-sinha,08:43,Bhojpuri,06-03-2011,0.89,0.452,0.441,0.773,-13.89,0.091,152.014,0,11,0.033,4,94,2055990
Badi Maja Aave Chane Ke Khet Mein,AMARJEET KAVI|Party,/artist/amarjeet-kavi|/artist/party,07:01,Bhojpuri,02-03-2019,0.72,0.73,0.238,0.386,-2.265,0.0501,149.951,0,11,0.047,4,27,10945614
Ae Sajan Hum Mudri,Anuradha Paudwal|Mohammad Aziz,/artist/anuradha-paudwal-2|/artist/mohammad-aziz,05:42,Bhojpuri,05-07-2018,0.32,0.787,0.461,0.747,-8.599,0.0161,149.975,1,1,0.03,4,89,7618261
Ae Doctor Babu,Dilraj Kaur|Mohammad Aziz,/artist/dilraj-kaur|/artist/mohammad-aziz,05:02,Bhojpuri,03-04-2003,0.44,0.18,0.072,0.903,-6.421,0.099,150.02,0,6,0.068,4,80,2757212
Banaras Ka Panda,Baleswar,/artist/baleswar-16,06:02,Bhojpuri,05-04-2017,0.15,0.083,0.21,0.947,-9.466,0.0937,149.97,0,9,0.02,4,51,9323119
Kajarwa Ho Raja,Munna Singh,/artist/munna-singh,08:06,Bhojpuri,02-11-2015,0.86,0.29,0.905,0.088,-4.401,0.0695,149.905,0,6,0.048,4,65,204588
Bala Jobna Hai Hai,Suresh Wadkar|Dilraj Kaur,/artist/suresh-wadkar|/artist/dilraj-kaur,05:55,Bhojpuri,07-11-2018,0.82,0.544,0.195,0.145,-10.273,0.094,149.663,0,1,0.0166,4,36,735761
Dekh Dehiyan Phulaail,Dilraj Kaur|Suresh Wadkar,/artist/dilraj-kaur|/artist/suresh-wadkar,02:54,Bhojpuri,05-04-2018,0.92,0.87,0.734,0.278,-5.876,0.0053,150.06,1,1,0.095,4,47,1661910
Baba A Baba,Chandrani Mukherjee,/artist/chandrani-mukherjee,04:00,Bhojpuri,08-02-2017,0.36,0.077,0.19,0.954,-13.03,0.0048,150.004,0,9,0.0032,4,84,5394874
Lahre Chunariya Dhani,YASHPAL SINGH|Kavita Krishnamurthy,/artist/yashpal-singh|/artist/kavita-subramaniam,06:08,Bhojpuri,10-05-2017,0.2,0.01,0.77,0.78,-8.192,0.09,150.002,0,1,0.0126,4,67,3870551
Vahi Ek Insaa Insaan Hoga,Ram Lautan Vishwakarma,/artist/ramlautan-vishwakarma-1,06:22,Bhojpuri,06-08-2017,0.63,0.891,0.298,0.179,-12.685,0.055,150.009,1,3,0.09,4,58,7996616
Maathe Maati Ke Tika,Mahendra Kapoor|Chandrani Mukherjee,/artist/mahendra-kapoor|/artist/chandrani-mukherjee,06:34,Bhojpuri,10-10-2015,0.81,0.17,0.266,0.27,-7.22,0.0761,150.034,0,5,0.0788,4,75,8001818
Kalkatwa Se Balmuwa Mora Aavelna,KASHI BULLU YADAV,/artist/kashi-bullu-yadav,10:00,Bhojpuri,12-02-2005,0.07,0.815,0.982,0.997,-2.322,0.0801,150.013,1,7,0.041,4,45,7530298
Gor Gor Dahiyanse,Talat Mahmood|Usha Mangeshkar,/artist/talat-mahmood|/artist/usha-mangeshkar-2,03:20,Bhojpuri,09-04-2018,0.35,0.82,0.254,0.836,-3.16,0.04,150.082,1,7,0.03,4,84,3653826
Ankhiyan Se Ankhiyan,Suresh Wadkar|Udit Narayan,/artist/suresh-wadkar|/artist/udit-narayan,03:18,Bhojpuri,03-05-2009,0.61,0.108,0.924,0.224,-4.275,0.07,149.975,0,10,0.07,4,57,2447021
Sati Sukanya,Mahendra Kapoor|Usha Mangeshkar,/artist/mahendra-kapoor|/artist/usha-mangeshkar-2,04:08,Bhojpuri,04-12-2014,0.3,0.61,0.815,0.449,-12.299,0.0643,150.172,1,5,0.02,4,78,573346
Kayise Khele Jaayi,CHANDRAMANI MUKHERJEE,/artist/chandramani-mukherjee,03:48,Bhojpuri,08-11-2018,0.29,0.041,0.646,0.118,-5.031,0.05,150.003,0,9,0.0986,4,81,4337649
Jab Ghadiya Bajave Sadhe Chaar,Suresh Wadkar|Alka Yagnik,/artist/suresh-wadkar|/artist/alka-yagnik,05:02,Bhojpuri,11-04-2011,0.33,0.42,0.278,0.122,-8.159,0.054,149.983,0,7,0.037,4,26,1850700
Chhodi De Police Ke Noukariya,Munna Singh,/artist/munna-singh,08:19,Bhojpuri,11-12-2022,0.53,0.288,0.284,0.911,-8.547,0.0165,150.146,0,10,0.06,4,89,5489020
Chahe Hille Dharti,Mahendra Kapoor,/artist/mahendra-kapoor,02:41,Bhojpuri,12-04-2020,0.99,0.36,0.568,0.046,-6.668,0.0987,150.033,0,9,0.03,4,73,11296020
Umiriya Bhayile(Nautanki),Dilraj Kaur,/artist/dilraj-kaur,05:16,Bhojpuri,04-03-2016,0.92,0.076,0.127,0.388,-6.634,0.05,150.042,1,5,0.0748,4,82,11097870
Baoor Ho Gaye Lee Gori,Asha Bhosle|Manna Dey,/artist/asha-bhosle-1|/artist/manna-dey,06:36,Bhojpuri,05-12-2022,0.54,0.56,0.452,0.309,-3.019,0.083,149.957,1,0,0.022,4,29,3712307
Sabki God Sanwarnewali,Usha Mangeshkar,/artist/usha-mangeshkar-2,04:35,Bhojpuri,10-08-2015,0.53,0.176,0.019,0.842,-2.396,0.06,149.972,0,0,0.017,4,60,5995340
Pitari Ke Nathiya Pe Itna Guman,Suman Kalyanpur,/artist/suman-kalyanpur,03:32,Bhojpuri,02-09-2015,0.28,0.86,0.404,0.735,-12.259,0.026,154.023,1,0,0.08,4,43,1960092
Bhaile Sagunwa Ki Abke,Aparna Mayekar|Dilraj Kaur|Suresh Wadkar|Udit Narayan,/artist/aparna-mayekar|/artist/dilraj-kaur|/artist/suresh-wadkar|/artist/udit-narayan,06:02,Bhojpuri,03-06-2013,0.93,0.493,0.212,0.874,-12.995,0.0583,149.914,1,5,0.013,4,84,3043008
Taadi Khanwa Mein Taadiya Chuat Hai,Saira Bano Faizabadi,/artist/saira-bano-faizabadi-20,04:36,Bhojpuri,04-07-2011,0.7,0.29,0.282,0.14,-12.77,0.03,149.943,1,6,0.0245,4,97,9314273
Adhi Adhi Ratiya,Asha Bhosle,/artist/asha-bhosle-1,03:11,Bhojpuri,12-08-2013,0.65,0.482,0.297,0.507,-4.154,0.09,150.068,0,9,0.02,4,34,6194208
A Vakeel Babu,Asha Bhosle|Mohammad Aziz,/artist/asha-bhosle-1|/artist/mohammad-aziz,06:30,Bhojpuri,07-03-2023,0.71,0.36,0.609,0.058,-5.432,0.065,149.868,1,3,0.04,4,76,2604705
Ratiya Sansana Hoye More Raja,Saira Bano Faizabadi,/artist/saira-bano-faizabadi-20,05:11,Bhojpuri,11-09-2005,0.76,0.236,0.315,0.964,-8.447,0.024,150.11,0,11,0.09,4,95,811322
Ladika Ho Bis Baris Ka,YASHPAL SINGH|Kavita Krishnamurthy,/artist/yashpal-singh|/artist/kavita-subramaniam,05:02,Bhojpuri,03-09-2005,0.8,0.29,0.635,0.114,-13.22,0.077,149.998,0,5,0.091,4,78,6894490
Ae Jameen Gagan Ke Malik,Dilraj Kaur,/artist/dilraj-kaur,05:29,Bhojpuri,12-02-2010,0.47,0.415,0.031,0.29,-8.033,0.08,150.032,0,3,0.07,4,29,4344766
Chor Chor Chor Chor - Chori Kare Chor,Alka Yagnik|Udit Narayan,/artist/alka-yagnik|/artist/udit-narayan,05:00,Bhojpuri,02-06-2006,0.99,1,0.585,0.4,-4.092,0.0135,149.928,0,5,0.006,4,41,2851592
Dildaar Dagabaaj Raja Wahi Bagiya Ma,Yasmin Faizabadi,/artist/yasmin-faizabadi,05:16,Bhojpuri,02-04-2006,0.68,0.171,0.728,0.909,-8.473,0.01,149.997,1,7,0.01,4,83,4026463
Debey Gahanaa,Mahendra Kapoor|Vani Jairam,/artist/mahendra-kapoor|/artist/vani-jayaram,03:23,Bhojpuri,04-11-2012,0.85,0.84,0.315,0.709,-2.593,0.03,149.692,1,10,0.0102,4,96,7861839
O Baanki Dhobiniya,Anuradha Paudwal|Kavita Krishnamurthy,/artist/anuradha-paudwal-2|/artist/kavita-subramaniam,07:01,Bhojpuri,01-08-2016,0.13,0.578,0.259,0.605,-2.844,0.06,150,0,11,0.066,4,88,2977446
Tora Se Rajina Re Naginiyaan,Shabbir Kumar,/artist/shabbir-kumar,05:02,Bhojpuri,08-04-2022,0.43,0.31,0.583,0.035,-2.681,0.0815,150.044,0,9,0.053,4,68,8821712
Chali Aawa Sugmona Nadiya Ke Paar,Chandrani Mukherjee|BRIJ KISHOR,/artist/chandrani-mukherjee|/artist/brij-kishor,06:47,Bhojpuri,07-11-2021,0.2,0.37,0.352,0.655,-9.528,0.071,150.022,1,1,0.08,4,26,912362
Jeeora Khol Ke Mang,Alka Yagnik,/artist/alka-yagnik,05:04,Bhojpuri,09-06-2022,0.09,0.68,0.662,0.323,-8.195,0.083,149.992,0,5,0.085,4,51,4221243
Launde Ghoomat Hai Laundiya Ke Saath,Yasmin Faizabadi,/artist/yasmin-faizabadi,05:14,Bhojpuri,06-06-2003,0.22,0.876,0.896,0.312,-3.645,0.04,149.972,0,6,0.065,4,29,2251185
Rate Mor Balmua,Dilraj Kaur|Chandrani Mukherjee,/artist/dilraj-kaur|/artist/chandrani-mukherjee,06:08,Bhojpuri,01-02-2006,0.13,0.34,0.517,0.32,-13.844,0.026,149.997,1,1,0.0239,4,33,8417625
Mahabharat Mein Krishan Barbreek Sanwaad,Paras Nath Yadav|PARTI,/artist/paras-nath-yadav|/artist/parti,15:04,Bhojpuri,11-02-2017,0.59,0.613,0.651,0.465,-4.664,0.09,150.02,1,6,0.0639,4,27,4947738
Maai Na Rahit,Usha Mangeshkar,/artist/usha-mangeshkar-2,06:08,Bhojpuri,01-04-2013,0.94,0.18,0.025,0.578,-7.34,0.04,149.97,0,5,0.03,4,59,11129280
Ugle Suraj Mora Angana,Suman Kalyanpur,/artist/suman-kalyanpur,03:22,Bhojpuri,03-12-2008,0.43,0.854,0.261,0.062,-7.904,0.0619,150.018,1,1,0.009,4,73,2196899
Kahal Je Hamra Ke Yar,Suresh Wadkar|Shabbir Kumar,/artist/suresh-wadkar|/artist/shabbir-kumar,04:36,Bhojpuri,09-01-2019,0.19,0.59,0.004,0.729,-7.463,0.08,149.968,0,3,0.017,4,93,6126257
Odhaniya Humke Bana La,Dilraj Kaur|Mohammad Aziz,/artist/dilraj-kaur|/artist/mohammad-aziz,05:42,Bhojpuri,10-09-2018,0.99,0.598,0.756,0.497,-8.745,0.1,149.946,0,10,0.06,4,39,3142004
Kavne Karanwa Bhauji Gharba Mein Bolvalu,Baleshwar|Monika|Sathi,/artist/baleshwar|/artist/monika|/artist/sathi,07:00,Bhojpuri,04-03-2010,0.15,0.4,0.209,0.439,-13.272,0.042,149.96,0,5,0.043,4,82,10217200
Jab Se Shyam Gaye Pardesh,Urmila Srivastav,/artist/urmila-srivastav,04:46,Bhojpuri,02-04-2015,0.96,0.011,0.853,0.432,-5.591,0.046,145.045,1,0,0.067,4,46,3348742
Sun Le Arajiya,Usha Mangeshkar,/artist/usha-mangeshkar-2,05:02,Bhojpuri,07-05-2019,0.67,0.81,0.356,0.765,-2.59,0.03,150.009,0,7,0.01,4,75,2714066
Kal Thi Jo Khali,Alka Yagnik|Badari,/artist/alka-yagnik|/artist/badari,06:26,Bhojpuri,02-11-2020,0.48,0.775,0.493,0.055,-7.425,0.0162,147.082,1,8,0.0308,4,37,8063965
Are Rama Rimjhim Barsela,Manna Dey,/artist/manna-dey,03:29,Bhojpuri,12-04-2016,0.11,0.54,0.678,0.076,-7.899,0.01,155.006,1,6,0.0608,4,28,1124989
Ego Chumma Tu De Da Udhaar,Dilraj Kaur|Qayum Ahmed,/artist/dilraj-kaur|/artist/qayum-ahmed,05:29,Bhojpuri,09-05-2009,0.22,0.279,0.429,0.505,-9.071,0.01,150.044,1,1,0.021,4,65,10119513
Poochho Mati Raja,Asha Bhosle|Usha Mangeshkar,/artist/asha-bhosle-1|/artist/usha-mangeshkar-2,05:38,Bhojpuri,11-09-2014,0.72,0,0.506,0.013,-2.572,0.06,149.692,0,11,0.0705,4,36,1080394
Mahadev Ji Bhangiya Ke Bal Par,Suresh Wadkar,/artist/suresh-wadkar,05:02,Bhojpuri,12-08-2013,0.4,0.609,0.743,0.389,-11.189,0.0899,150.078,0,8,0.016,4,34,5470974
Jyotishi Mora Jog To Dekho Re,Asha Bhosle,/artist/asha-bhosle-1,04:36,Bhojpuri,07-02-2019,0.2,0.43,0.927,0.903,-5.774,0.04,150.021,1,1,0.01,4,69,457174
Sui Ke Chheda Mein Hathi,HEERA LAL YADAV,/artist/heera-lal-yadav,31:10:00,Bhojpuri,02-11-2003,0.04,0.513,0.675,0.683,-2.871,0.0858,150.066,0,7,0.0019,4,77,9393467
Krishan Aur Arjun Sangharsh,KASHI BULLU YADAV,/artist/kashi-bullu-yadav,28:00:00,Bhojpuri,10-08-2014,0.2,0.08,0.266,0.144,-9.462,0.0586,150.946,0,8,0.06,4,48,10620911
Madhur Bhayal Dinwa,Manna Dey|Anand kumar C.,/artist/manna-dey|/artist/anandkumar-c,03:26,Bhojpuri,04-09-2004,0.79,0.168,0.308,0.595,-7.738,0.03,150.02,1,1,0.094,4,40,3485662
Boot Polish-Boot Polish,Usha Mangeshkar,/artist/usha-mangeshkar-2,05:02,Bhojpuri,06-08-2020,0.38,0.73,0.805,0.704,-5.274,0.027,155.036,0,11,0.087,4,59,4684965
Nathuniye Pe Goli Maare,Dilraj Kaur,/artist/dilraj-kaur,05:55,Bhojpuri,07-02-2010,0.72,0.475,0.886,0.379,-12.537,0,147.804,0,3,0.0865,4,90,8977422
Sainya Tohre Karan,Mahendra Kapoor,/artist/mahendra-kapoor,02:52,Bhojpuri,10-02-2009,0.2,0.74,0.073,0.09,-10.693,0.03,149.992,1,3,0.014,4,45,5599333
Badi Badnami Bhali,Mahendra Kapoor,/artist/mahendra-kapoor,03:08,Bhojpuri,07-11-2014,0.02,0.912,0.418,0.9,-12.355,0.093,149.639,0,5,0.0122,4,87,5334420
Ae Hamri Bhauji,Alka Yagnik|Kavita Krishnamurthy,/artist/alka-yagnik|/artist/kavita-subramaniam,05:23,Bhojpuri,06-04-2003,0.76,0.58,0.071,0.574,-2.668,0.037,150.009,1,2,0.0937,4,94,7919289
Are Rama Mile Na Jabania,Asha Bhosle,/artist/asha-bhosle-1,05:55,Bhojpuri,04-03-2023,0.66,0.945,0.111,0.583,-11.645,0.04,150.028,0,5,0.0652,4,81,6127117
Maida Ke Loyiaa Ayisan,CHANDRAMANI MUKHERJEE,/artist/chandramani-mukherjee,02:29,Bhojpuri,07-04-2008,0.45,0.48,0.384,0.121,-5.628,0.098,149.849,1,7,0.02,4,54,2098974
Ram Jane Ka Likhal Baa,Anuradha Paudwal,/artist/anuradha-paudwal-2,06:36,Bhojpuri,04-04-2020,0.5,0.1,0.929,0.646,-6.184,0.07,149.927,0,8,0.0729,4,90,47797
Bol Bol Babua Ji Bol,Anuradha Paudwal,/artist/anuradha-paudwal-2,06:47,Bhojpuri,03-04-2010,0.75,0.77,0.553,0.081,-6.677,0.0604,149.983,0,7,0.04,4,36,9481363
Upar Baithal Ek,Mahendra Kapoor,/artist/mahendra-kapoor,07:48,Bhojpuri,10-04-2003,0.99,0.13,0.733,0.493,-3.974,0.07,149.974,0,5,0.0854,4,99,11047691
Mori Aarji Suni Maharaj Ho,Chandrani Mukherjee,/artist/chandrani-mukherjee,03:25,Bhojpuri,06-04-2016,0.44,0.22,0.923,0.385,-5.243,0.033,150.026,1,2,0.026,4,53,3596912
Mangiya Ke Senoor Jaral,CHANDRAMANI MUKHERJEE,/artist/chandramani-mukherjee,05:29,Bhojpuri,01-12-2010,0.95,0.322,0.465,0.812,-10.771,0.04,150.061,0,7,0.08,4,36,8599532
Anguri Mein Das Le Ba Naginiyan,Saira Bano Faizabadi,/artist/saira-bano-faizabadi-20,04:09,Bhojpuri,08-02-2024,0.4,0.31,0.884,0.059,-8.48,0.02,149.978,0,9,0.0973,4,60,9905107
Balam Be Sabra Khol Khol Dekhe,Razia Begum,/artist/razia-begum,03:17,Bhojpuri,08-01-2008,0.58,0.066,0.457,0.107,-2.077,0.06,149.957,0,7,0.07,4,92,7211777
Kali Kali Mahakali,Aarti Mukherji,/artist/aarti-mukherji,07:01,Bhojpuri,08-06-2021,0.37,0.09,0.192,0.451,-4.628,0.064,150.063,0,5,0.098,4,51,8491820
Khelat Mein Rehni(Vidaai Geet),Sharda Sinha,/artist/sharda-sinha,07:27,Bhojpuri,02-12-2022,0.88,0.344,0.756,0.58,-3.559,0.06,149.791,0,11,0.0333,4,40,5866539
Mora Rangeela Sajanwa,Asha Bhosle,/artist/asha-bhosle-1,09:35,Bhojpuri,09-10-2008,0.69,0.05,0.52,0.754,-11.43,0.05,154.048,1,8,0,4,36,1270601
Tora Lekha Ke Do Snahiya,CHANDRAMANI MUKHERJEE,/artist/chandramani-mukherjee,05:29,Bhojpuri,05-01-2014,0.65,0.404,0.85,0.045,-13.458,0.047,149.993,0,5,0.037,4,70,2086004
Kaahe Sor Bhayil,Suresh Wadkar|Alka Yagnik,/artist/suresh-wadkar|/artist/alka-yagnik,05:16,Bhojpuri,09-06-2004,0.54,0.83,0.11,0.724,-6.244,0.0398,150.061,0,6,0.0487,4,66,8988446
Barhein Baras Mein Raja Maange Gavanwa,Yasmin Faizabadi,/artist/yasmin-faizabadi,05:29,Bhojpuri,02-07-2009,0.14,0.77,0.742,0.288,-3.452,0.04,155.029,1,1,0.07,4,89,6264879
Nehi Chahiya,Baleswar,/artist/baleswar-16,06:00,Bhojpuri,07-03-2007,0.64,0.78,0.476,0.856,-10.839,0.0819,149.966,1,11,0.065,4,61,6222011
Guiyan Kaise Bharhun Chhot Ba,Urmila Srivastav,/artist/urmila-srivastav,06:53,Bhojpuri,08-02-2024,0.04,0.342,0.206,0.307,-8.994,0.037,149.852,0,11,0.064,4,61,7595806
Bichhua Baaje Tekuliya Hanse,Asha Bhosle|Chorus,/artist/asha-bhosle-1|/artist/chorus,03:22,Bhojpuri,06-01-2017,0.1,0.54,0.844,0.773,-12.879,0.0481,149.98,1,0,0.04,4,39,11208379
Chambal Ki Sherni,DEENA NATH YADAV,/artist/deena-nath-yadav-1,29:19:00,Bhojpuri,12-08-2008,0.54,0.562,0.171,0.122,-3.056,0.03,155.038,0,11,0.0256,4,100,5902086
Daag Lagake,Mahendra Kapoor,/artist/mahendra-kapoor,06:07,Bhojpuri,06-07-2007,0.64,0.74,0.066,0.352,-6.973,0.01,149.745,1,6,0.013,4,36,1829192
Aabat Naahi Chain,Manna Dey|Anuradha Paudwal,/artist/manna-dey|/artist/anuradha-paudwal-2,03:44,Bhojpuri,06-08-2012,0.53,0.449,0.411,0.37,-13.108,0.05,150.014,0,9,0.004,4,51,10022930
Ja Re Bahiniya Ban Ke Dulhiniyan,Hariharan,/artist/hariharan,06:34,Bhojpuri,02-06-2003,0.15,0.5,0.437,0.293,-7.494,0.08,148.099,0,10,0.07,4,85,423093
E Gaadi Hai Sarkaari Balam Tani Dheere Chalai Ho,Saira Bano Faizabadi,/artist/saira-bano-faizabadi-20,04:36,Bhojpuri,12-11-2021,0.05,0.031,0.205,0.924,-5.574,0.02,149.95,0,8,0.082,4,86,4076622
Bina Bagiya Ke Bhanwra,Baleswar,/artist/baleswar-16,05:16,Bhojpuri,08-11-2010,0.88,0.83,0.284,0.915,-13.218,0.0406,155.116,0,3,0.04,4,59,6945331
Chhote Chhote Gauanwa Hamre,Manna Dey|Chorus,/artist/manna-dey|/artist/chorus,06:37,Bhojpuri,02-04-2008,0.65,0.685,0.505,0.546,-12.264,0.0846,149.972,1,8,0.04,4,51,6630999
Kaili Bharosa Tohar,Asha Bhosle|Suresh Wadkar,/artist/asha-bhosle-1|/artist/suresh-wadkar,03:05,Bhojpuri,09-05-2013,0.96,0.31,0.655,0.743,-12.873,0.038,149.98,0,4,0.058,4,37,6757404
Saiya Bina Ghar Suna,Shashi Gupta,/artist/shashi-gupta,05:02,Bhojpuri,07-03-2019,0.91,0.456,0.4,0.008,-3.813,0.0413,150.011,0,6,0.007,4,63,1025881
Pooja Karbo Re-Tohare Charanwa Ke,Alka Yagnik|Dilraj Kaur,/artist/alka-yagnik|/artist/dilraj-kaur,06:08,Bhojpuri,04-01-2015,0.95,0.09,0.846,0.142,-6.15,0.01,149.527,0,10,0.07,4,70,6432738
Jab Barase Badrwa,Alka Yagnik|Udit Narayan,/artist/alka-yagnik|/artist/udit-narayan,05:29,Bhojpuri,01-03-2006,0.11,0.884,0.643,0.868,-12.943,0.0248,155.058,1,1,0.0717,4,55,3072586
Channa Gehu Ke Khetba,Aarti Mukherji|Suresh Wadkar,/artist/aarti-mukherji|/artist/suresh-wadkar,03:33,Bhojpuri,10-04-2008,0.43,0.95,0.744,0.952,-12.112,0,150.027,0,1,0.0336,4,54,616132
Dum Dadaka,Usha Mangeshkar,/artist/usha-mangeshkar-2,03:26,Bhojpuri,10-04-2010,0.1,0.924,0.971,0.263,-9.719,0.09,150.018,1,10,0.085,4,30,7555504
Suraj Ke Jaise Chamke Hamar,Shailender Singh|Alka Yagnik,/artist/shailender-singh|/artist/alka-yagnik,05:02,Bhojpuri,10-08-2017,0.96,0.23,0.462,0.88,-9.642,0.06,150.017,0,7,0.062,4,87,10023627
Hare Rama Rimjhim(Kajri),Mahendra Kapoor|Dilraj Kaur|BABY PREETY,/artist/mahendra-kapoor|/artist/dilraj-kaur|/artist/baby-preety,07:27,Bhojpuri,02-04-2016,0.11,0.143,0.41,0.194,-5.108,0.07,150.043,0,7,0.072,4,45,3830596
Purab Pachhimwa Se,Kamal Barot|Usha Mangeshkar,/artist/kamal-barot|/artist/usha-mangeshkar-2,06:38,Bhojpuri,06-10-2014,0.33,0.83,0.294,0.937,-13.205,0.037,149.977,0,7,0.07,4,100,110744
Laal Othwa Se Barse Lalaiya,Saira Bano Faizabadi,/artist/saira-bano-faizabadi-20,04:34,Bhojpuri,12-09-2015,0.97,0.318,0.309,0.824,-13.808,0.0984,150.002,1,0,0.0221,4,47,387473
Dhanki Rahibai Putaria Ke Nahi,Usha Mangeshkar,/artist/usha-mangeshkar-2,03:33,Bhojpuri,01-11-2014,0.89,0.22,0.023,0.701,-13.721,0.017,148.016,0,5,0.02,4,31,1178120
Charmar Bole Charpaai Ho,Saira Bano Faizabadi,/artist/saira-bano-faizabadi-20,06:07,Bhojpuri,06-10-2001,0.24,0.762,0.488,0.547,-3.244,0.02,150.004,0,1,0.033,4,35,5060309
Aansu Se Bharal Ankhiya,SUDHIR KUMAR,/artist/sudhir-kumar,05:02,Bhojpuri,02-06-2023,0.95,0.84,0.971,0.716,-13.238,0.0422,149.939,0,1,0.049,4,99,7648568
Gori Ho Ya Kali Dilwali Chahiye,Baleshwar|Shanta Singh|Sathi,/artist/baleshwar|/artist/shanta-singh|/artist/sathi,06:51,Bhojpuri,10-10-2001,0.59,0.325,0.549,0.695,-5.707,0.0617,149.968,0,10,0.057,4,51,8698630
Naginiya Aail Ba,Alka Yagnik|Anuradha Paudwal,/artist/alka-yagnik|/artist/anuradha-paudwal-2,06:00,Bhojpuri,09-10-2003,0.54,0.78,0.411,0.676,-2.244,0.077,155.088,1,7,0.0102,4,69,4871161
Hari Hari Aayal Maas Sawanwa,Urmila Srivastav,/artist/urmila-srivastav,07:55,Bhojpuri,01-05-2002,0.22,0.813,0.639,0.739,-10.97,0.0402,149.995,1,0,0.0432,4,34,5661572
Samdhi Laye Hain Baraat,Jaspal Singh,/artist/jaspal-singh,04:04,Bhojpuri,02-08-2003,0.45,0.79,0.075,0.192,-5.183,0.012,149.978,0,2,0.0627,4,48,3804141
Bonde Bonde Na,Chandrani Mukherjee,/artist/chandrani-mukherjee,05:00,Bhojpuri,06-03-2002,0.1,0.233,0.018,0.705,-4.233,0.0784,149.904,1,9,0.021,4,46,3145674
Duara Laagal Bariyatiya,Kavita Krishnamurthy|Chandrani|Sathi,/artist/kavita-subramaniam|/artist/chandrani|/artist/sathi,02:51,Bhojpuri,03-09-2010,0.83,0.26,0.444,0.737,-4.307,0.005,153.058,1,10,0.09,4,93,5423629
Gaye Hairai Guiyan Humri Jhulaniya,Urmila Srivastav,/artist/urmila-srivastav,05:32,Bhojpuri,03-02-2016,0.09,0.689,0.589,0.797,-7.051,0.089,149.953,0,4,0.03,4,93,1387177
Allah Ke Hajir Jaan Ke,Suresh Wadkar|Alka Yagnik,/artist/suresh-wadkar|/artist/alka-yagnik,05:50,Bhojpuri,10-01-2013,0.52,0.85,0.58,0.723,-5.162,0.0259,150.027,0,11,0.04,4,68,9007967
Ab To Chala Sambhal Ke Chacha,Mahendra Kapoor|Manna Dey,/artist/mahendra-kapoor|/artist/manna-dey,03:17,Bhojpuri,10-08-2014,0.69,0.137,0.257,0.976,-12.498,0.0278,149.918,0,9,0.05,4,28,3281794
Piya Ka Ghar Pyara Laage Ho,Meenakshi Gupta,/artist/meenakshi-gupta,09:37,Bhojpuri,07-01-2021,0.69,0.56,0.584,0.527,-13.599,0.0363,150.027,1,9,0.0645,4,65,2776605
Patli Kamariya,Alka Yagnik|Hariharan|Shailender Singh|Chorus,/artist/alka-yagnik|/artist/hariharan|/artist/shailender-singh|/artist/chorus,04:15,Bhojpuri,12-08-2006,0.27,0.395,0.44,0.149,-10.765,0.03,150.026,0,5,0.026,4,32,4966248
Chham Se Bole Jhumka,Mohammad Aziz,/artist/mohammad-aziz,04:08,Bhojpuri,04-09-2003,0.26,0.92,0.226,0.292,-8.241,0.088,150.054,1,0,0.0815,4,32,3649828
Bikaee A Babu B A  Pass Ghoda,Baleshwar|Sathi,/artist/baleshwar|/artist/sathi,05:05,Bhojpuri,09-11-2013,0.44,0.936,0.296,0.241,-12.92,0.01,149.973,0,5,0.07,4,98,11080479
Kesariya Banna Baago Mein,Kumud Sahay,/artist/kumud-sahay,05:01,Bhojpuri,02-04-2008,0.27,0.57,0.514,0.507,-9.734,0.02,150.115,0,5,0.06,4,73,8131245
Dulhaniya Kee Doli,Mohammad Aziz,/artist/mohammad-aziz,07:53,Bhojpuri,04-04-2017,0.62,0.31,0.772,0.928,-5.449,0.08,154.983,0,6,0.006,4,92,3710785
Hum Aaili Sarniya Tohar,Anuradha Paudwal|Sathi,/artist/anuradha-paudwal-2|/artist/sathi,07:14,Bhojpuri,05-01-2009,0.49,0.11,0.165,0.194,-12.857,0.07,150.089,0,1,0.0949,4,26,6950176
Chhote Chedva Mein Daal Ke,RAM MURAT,/artist/ram-murat,07:27,Bhojpuri,01-06-2022,0.44,0.65,0.148,0.219,-8.601,0.05,149.866,1,2,0.054,4,69,952397
Naahi Bisri Suratia,Asha Bhosle,/artist/asha-bhosle-1,05:55,Bhojpuri,10-10-2007,0.61,0.08,0.592,0.757,-13.993,0.008,149.986,0,11,0.077,4,83,8904808
Rukee Na Jawaniya Ke Gadi,Alka Yagnik|Sathi,/artist/alka-yagnik|/artist/sathi,05:00,Bhojpuri,05-02-2017,0.13,0.248,0.004,0.942,-13.955,0.033,149.864,0,1,0.0408,4,93,11016281
Teeje Lachke Kamariya Re Sajani,Baleshwar|Sathi,/artist/baleshwar|/artist/sathi,05:47,Bhojpuri,09-01-2002,0.93,0.36,0.08,0.627,-5.522,0.02,155.017,0,6,0.05,4,55,5729469
Suna Hai Mohabbat,Mohammad Aziz|Chandrani Mukherjee,/artist/mohammad-aziz|/artist/chandrani-mukherjee,04:57,Bhojpuri,01-04-2000,0.58,0.557,0.816,0.553,-8.656,0.055,150.052,0,5,0.07,4,33,6540837
Lakhon Baris Se,Mahendra Kapoor,/artist/mahendra-kapoor,07:42,Bhojpuri,05-10-2005,0.72,0.55,0.655,0.358,-9.838,0.0811,150.031,0,5,0.0769,4,57,2136049
Bhayao Sugna Parayo,Shobha Gurtu,/artist/shobha-gurtu,06:08,Bhojpuri,08-12-2017,0.42,0.433,0.686,0.033,-8.574,0.04,149.95,0,9,0.021,4,33,10874493
Tohre Naina Me Khoi Gaile,Geeta Dutt|Manna Dey,/artist/geeta-dutt|/artist/manna-dey,03:02,Bhojpuri,04-07-2022,0.33,0.57,0.068,0.256,-11.352,0.069,148.006,1,7,0.0918,4,46,6215755
Rava Palkan Ke Parda,Suresh Wadkar|Alka Yagnik,/artist/suresh-wadkar|/artist/alka-yagnik,06:08,Bhojpuri,09-03-2011,0.09,0.92,0.946,0.113,-5.674,0.09,149.746,1,2,0.032,4,32,5500846
Jab Se Botaliya Ke Aadat Bhaeel,Shabbir Kumar,/artist/shabbir-kumar,05:16,Bhojpuri,10-11-2000,0.64,0.4,0.653,0.503,-11.665,0.01,149.988,0,4,0.025,4,51,10526733
Dard Wala Nimbua Lete Aana,Saira Bano Faizabadi,/artist/saira-bano-faizabadi-20,04:09,Bhojpuri,01-02-2004,0.75,0.665,0.777,0.201,-5.197,0.0055,154.767,1,9,0.026,4,38,6950083
Saiyan Bali Umriya Mein Laaye Gauna,Saira Bano Faizabadi,/artist/saira-bano-faizabadi-20,05:42,Bhojpuri,04-11-2019,0.89,0.71,0.154,0.422,-7.447,0.0413,150.032,0,5,0.092,4,29,8458748
Shree Krishan Leela -Raas Leela,Bechan Ram Rajbhar|Sathi,/artist/bechan-ram-rajbhar|/artist/sathi,28:00:00,Bhojpuri,12-01-2002,0.6,0.902,0.744,0.062,-11.374,0,150.046,1,1,0,4,91,8867962
Maathe Maati Ke Tika (Sad),Chandrani Mukherjee|Mohammad Aziz,/artist/chandrani-mukherjee|/artist/mohammad-aziz,02:20,Bhojpuri,05-11-2013,0.04,0.58,0.979,0.751,-4.545,0.0958,149.999,1,5,0.003,4,51,3029236
Jehiya Se Ban Gayel,Asha Bhosle,/artist/asha-bhosle-1,06:12,Bhojpuri,08-04-2018,0.54,0.092,0.474,0.729,-5.952,0.067,149.998,1,11,0.029,4,32,5616242
Jobnava Bada Jor Maarela,FATMA|Saira Bano Faizabadi,/artist/fatma|/artist/saira-bano-faizabadi-20,05:42,Bhojpuri,05-01-2012,0.79,0.51,0.902,0.073,-7.853,0.0127,150.009,0,5,0.02,4,92,10140012
Lach Lach Lachke Mori Kamariya,Alka Yagnik,/artist/alka-yagnik,05:42,Bhojpuri,02-05-2020,0.88,0.378,0.48,0.193,-3.023,0.01,150.046,0,5,0.0671,4,82,4070941
Rang Barse Holi Ke Rang,KYUM AHMED,/artist/kyum-ahmed,05:37,Bhojpuri,09-03-2002,0.68,0.28,0.068,0.965,-2.734,0.017,150.023,1,1,0.0663,4,74,5642298
O Gori Torimori,Manna Dey,/artist/manna-dey,02:57,Bhojpuri,04-07-2008,0.21,0.859,0.593,0.536,-2.431,0.0631,149.942,1,8,0.0442,4,43,7822932
Hamar Sajna Ki,Asha Bhosle,/artist/asha-bhosle-1,03:23,Bhojpuri,06-04-2011,0.03,0.84,0.515,0.788,-9.753,0.0851,154.98,0,7,0.0533,4,54,4256123
Chahe Aag Laago,Suresh Wadkar|Alka Yagnik,/artist/suresh-wadkar|/artist/alka-yagnik,05:00,Bhojpuri,12-04-2010,0.54,0.358,0.084,0.622,-13.372,0.0631,149.998,0,1,0.0967,4,38,5221253
Pahila Pahal Saiyan Lavlai Gavanwa,Yasmin Faizabadi,/artist/yasmin-faizabadi,05:58,Bhojpuri,10-12-2007,0.9,0.6,0.952,0.169,-10.363,0.071,149.964,0,10,0.0666,4,77,9374367
Prabhuji Binti,Mahendra Kapoor,/artist/mahendra-kapoor,03:53,Bhojpuri,06-12-2022,0.6,0.593,0.87,0.5,-2.627,0.08,155.006,1,8,0.0065,4,70,3664255
Naugad Kaand,HEERA LAL YADAV,/artist/heera-lal-yadav,30:09:00,Bhojpuri,11-03-2003,0.04,0.2,0.079,0.164,-6.006,0.032,149.909,0,8,0.1,4,77,3937408
Hamse Tu Bachke Kahan Jaiba,Alka Yagnik,/artist/alka-yagnik,05:00,Bhojpuri,08-01-2000,0.87,0.778,0.233,0.076,-3.428,0.0616,149.924,0,9,0.077,4,66,1843285
Laila Majnu Part - I,Kamlesh Mishra|Niamat Ali|Azim|Mushtaq Ali|Ramlakhan,/artist/kamlesh-mishra|/artist/niamat-ali|/artist/azim|/artist/mushtaq-ali|/artist/ramlakhan,06:48,Bhojpuri,08-06-2015,0.32,0.43,0.326,0.166,-10.534,0.06,154.814,1,10,0.0104,4,39,10753702
Rim Jhim Barse,Asha Bhosle|Preet Sagar,/artist/asha-bhosle-1|/artist/preet-sagar,05:48,Bhojpuri,11-06-2001,0.63,0.886,0.029,0.945,-13.163,0.046,150.049,0,11,0.007,4,62,8464492
Hum Chanda Tu Chakor,Anuradha Paudwal|Udit Narayan,/artist/anuradha-paudwal-2|/artist/udit-narayan,04:00,Bhojpuri,02-05-2016,0.84,0.84,0.926,0.169,-2.308,0.0672,150.024,1,2,0.053,4,69,4203695
Mathwa Pe Dhaile Chhitaniya Ho,Shabbir Kumar|Chandrani Mukherjee,/artist/shabbir-kumar|/artist/chandrani-mukherjee,04:49,Bhojpuri,09-09-2005,0.18,0.939,0.079,0.731,-13.414,0.05,155.18,0,11,0.1,4,50,10383617
Dil Debe Na Hum,Asha Bhosle,/artist/asha-bhosle-1,05:16,Bhojpuri,03-08-2003,0.1,0.04,0.76,0.63,-4.977,0.03,149.984,0,1,0.039,4,75,2872941
Mor Bagiya Gujar Gaile Amava,Suman Kalyanpur,/artist/suman-kalyanpur,03:27,Bhojpuri,07-08-2018,0.31,0.316,0.594,0.865,-9.352,0.06,149.944,0,5,0.0399,4,77,4796417
Bhasurwa(Sanskar Geet),Sharda Sinha,/artist/sharda-sinha,02:00,Bhojpuri,07-10-2021,0.65,0.2,0.972,0.307,-10.215,0.004,149.99,1,3,0.08,4,32,5499332
Babu Padhe Jaala,Baleshwar|Shanta Singh|Sathi,/artist/baleshwar|/artist/shanta-singh|/artist/sathi,07:33,Bhojpuri,04-04-2003,0.32,0.595,0.904,0.643,-2.8,0.0346,149.935,0,9,0,4,33,2897201
Hairan Mora Kangna Raat Jhakajhorima,Yasmin Faizabadi,/artist/yasmin-faizabadi,03:57,Bhojpuri,10-05-2006,0.46,0.7,0.832,0.563,-13.974,0.07,149.986,0,6,0.089,4,43,7001071
Jhuru Jhuru Bahele Pavanva,Anuradha Paudwal,/artist/anuradha-paudwal-2,06:08,Bhojpuri,04-07-2021,0.28,0.116,0.826,0.405,-3.18,0.0519,149.969,1,7,0.0662,4,88,9885306
Kehu Se Kam Nahin Tohari Dulhiniya,Asha Bhosle,/artist/asha-bhosle-1,04:23,Bhojpuri,01-06-2007,0.84,0.82,0.632,0.403,-13.186,0.03,150.063,1,9,0.08,4,61,3186048
Ketna Janamwa Se,Suresh Wadkar|Usha Mangeshkar,/artist/suresh-wadkar|/artist/usha-mangeshkar-2,03:09,Bhojpuri,05-03-2012,0.19,0.611,0.512,0.283,-10.838,0.01,154.933,0,1,0.0454,4,71,6326389
A Saperau,Alka Yagnik,/artist/alka-yagnik,05:00,Bhojpuri,05-09-2021,0.15,0.51,0.937,0.605,-2.949,0.032,149.841,0,5,0.036,4,65,3118174
Aayle Barati Ho,RAM LAUTAN VISHVAKARMA,/artist/ram-lautan-vishvakarma,08:00,Bhojpuri,04-04-2008,0.12,0.328,0.458,0.71,-11.455,0.0216,155.006,1,8,0.0778,4,56,7881387
Ek Ta Dehiya Sukwar,Alka Yagnik|Hariharan|Chorus,/artist/alka-yagnik|/artist/hariharan|/artist/chorus,06:08,Bhojpuri,07-09-2013,0.68,0.77,0.666,0.013,-8.63,0.099,149.842,0,5,0.08,4,72,8895678
Saari Re Umiriya,Alka Yagnik,/artist/alka-yagnik,05:56,Bhojpuri,03-05-2022,0.71,0.111,0.449,0.804,-5.648,0.014,149.966,0,10,0.034,4,82,9106904
Chal Chal Hamaare Sang Ganga Paar,Anuradha Paudwal|Suresh Wadkar,/artist/anuradha-paudwal-2|/artist/suresh-wadkar,04:00,Bhojpuri,06-07-2015,0.18,0.2,0.034,0.485,-13.303,0.0659,150.018,1,0,0.0055,4,90,965580
Baaje Jhanana Paiyjniya,FATMA|Saira Bano Faizabadi,/artist/fatma|/artist/saira-bano-faizabadi-20,06:08,Bhojpuri,01-02-2023,0.53,0.034,0.361,0.339,-13.87,0.09,150.032,0,9,0.04,4,44,9023984
Dharti Karela Ho,Mahendra Kapoor,/artist/mahendra-kapoor,03:07,Bhojpuri,11-02-2023,0.28,0.8,0.336,0.901,-7.317,0.0401,155.008,1,1,0.0872,4,49,3936610
Dheere-Dheere Aihein Saiyan Humri Saijariya,Yasmin Faizabadi,/artist/yasmin-faizabadi,04:20,Bhojpuri,10-04-2022,0.77,0.365,0.492,0.193,-4.837,0.06,150.3,0,2,0.094,4,78,7493591
Tani Dheere Na Chal,Shobha Joshi|Udit Narayan|Mahendra Kapoor,/artist/shobha-joshi|/artist/udit-narayan|/artist/mahendra-kapoor,04:49,Bhojpuri,08-01-2007,0.23,0.63,0.569,0.722,-2.576,0.08,150.021,1,10,0.02,4,60,9942275
Charhti Jawani,Dilbar Khan|Prativa,/artist/dilbar-khan|/artist/prativa,03:09,Bhojpuri,11-07-2019,0.84,0.806,0.461,0.51,-2.512,0.0695,149.744,0,0,0.03,4,70,328505
Rakhi Ke Bandhan Bhaiya  Tohari Kalaaee,Chandrani Mukherjee,/artist/chandrani-mukherjee,05:00,Bhojpuri,01-09-2019,0.56,0.91,0.867,0.351,-2.624,0.09,150.05,1,0,0.04,4,27,10237407
Ladhikaiyan Ma Ba Jab E Chohna,Geeta Dutt|Mahendra Kapoor,/artist/geeta-dutt|/artist/mahendra-kapoor,03:34,Bhojpuri,12-11-2019,0.24,0.975,0.807,0.474,-11.869,0.094,150.002,1,1,0.089,4,84,3538637
Suee Dolai Kalaai Bich Ghadiya Mein,AMARJEET KAVI|Party,/artist/amarjeet-kavi|/artist/party,06:21,Bhojpuri,12-04-2018,0.88,0.05,0.355,0.817,-7.406,0.081,149.981,0,4,0.0306,4,27,3973243
Aawa Ho Aawa,Kavita Krishnamurthy|Udit Narayan,/artist/kavita-subramaniam|/artist/udit-narayan,05:02,Bhojpuri,09-03-2021,0.07,0.322,0.468,0.331,-10.495,0.02,150.061,0,4,0.048,4,38,9546083
Ek Mutthi Kharai Ke Kaile Anokha Hai,Chandrani Mukherjee,/artist/chandrani-mukherjee,03:02,Bhojpuri,10-05-2009,0.89,0.33,0.445,0.83,-8.746,0.02,149.997,0,9,0.07,4,78,4987766
Laaj Se Mari Jaye,Mahendra Kapoor,/artist/mahendra-kapoor,06:05,Bhojpuri,10-05-2011,0.5,0.387,0.222,0.7,-4.139,0.084,150.052,0,1,0.07,4,82,658131
Kahale Rahu Ki Doctor,Dilraj Kaur,/artist/dilraj-kaur,04:09,Bhojpuri,03-01-2017,0.86,0.44,0.952,0.188,-10.992,0.0488,150.004,1,8,0.051,4,79,11347514
Akhiyan Milaay Ke Tani,Baleshwar|Shanta Singh|Sathi,/artist/baleshwar|/artist/shanta-singh|/artist/sathi,07:02,Bhojpuri,07-01-2022,0.85,0.632,0.511,0.28,-9.864,0.0536,154.91,1,2,0.046,4,67,9584163
Saiyan Moujwa Udaave Kalkattwa Mein,Yasmin Faizabadi,/artist/yasmin-faizabadi,04:13,Bhojpuri,08-12-2019,0.2,0.31,0.94,0.991,-6.223,0.08,149.852,0,5,0.0518,4,93,11192096
Itni Badi Nanadi Jobnava Dikhaave,FATMA|Saira Bano Faizabadi,/artist/fatma|/artist/saira-bano-faizabadi-20,05:42,Bhojpuri,07-08-2003,0.41,0.051,0.037,0.264,-10.379,0.07,150.06,0,6,0.03,4,73,10793561
Nirmohi Daga Deke,Suman Kalyanpur,/artist/suman-kalyanpur,03:03,Bhojpuri,12-10-2008,0.94,0.44,0.372,0.939,-6.629,0.017,155.013,0,5,0.008,4,44,6223377
Hamse Nazariya Milake,Anuradha Paudwal|Udit Narayan,/artist/anuradha-paudwal-2|/artist/udit-narayan,06:13,Bhojpuri,05-11-2021,0.54,0.597,0.987,0.949,-6.839,0.024,149.946,0,9,0.0857,4,65,8809695
Laikey Haathwaa Mein Haathwa,Anuradha Paudwal,/artist/anuradha-paudwal-2,03:22,Bhojpuri,09-04-2024,0.33,0.86,0.738,0.133,-4.663,0.08,150.081,0,9,0.0353,4,45,2130823
Kaise Likhela Vidhan Karamwa,Junaid Akhtar,/artist/junaid-akhtar,05:56,Bhojpuri,01-07-2018,0.64,0.629,0.598,0.718,-2.706,0.0283,149.96,0,11,0.0261,4,90,8037177
Jali Hai Nafrat Ki Aag Dil Men,Asha Bhosle,/artist/asha-bhosle-1,08:34,Bhojpuri,10-05-2002,0.1,0.8,0.713,0.361,-12.68,0.029,149.986,0,0,0.05,4,67,8346907
Theek Dupehariya Ke Gokha Jarela Ram,Shabbir Kumar|Chandrani Mukherjee,/artist/shabbir-kumar|/artist/chandrani-mukherjee,05:00,Bhojpuri,12-02-2018,0.81,0.083,0.715,0.397,-6.35,0.09,150.164,1,7,0.0255,4,63,8880838
Aapan Bana Ke Saiyan,Mohammad Aziz|Kavita Krishnamurthy,/artist/mohammad-aziz|/artist/kavita-subramaniam,05:02,Bhojpuri,09-04-2013,0.68,0.89,0.891,0.042,-3.418,0.0682,150.029,1,7,0.03,4,94,10345164
Kedas Kaila Ho,Mahendra Kapoor,/artist/mahendra-kapoor,03:28,Bhojpuri,08-09-2011,0.34,0.627,0.624,0.419,-13.937,0.025,150.144,0,11,0.0773,4,26,4075757
Jai Bajrang Bali,Manna Dey,/artist/manna-dey,03:02,Bhojpuri,04-09-2017,0.58,0.81,0.441,0.431,-6.752,0.013,150.11,0,6,0.06,4,83,11085369
Daradiya Hai Saiyan Ji,Alka Yagnik,/artist/alka-yagnik,04:00,Bhojpuri,10-02-2008,0.66,0.488,0.625,0.358,-3.588,0.034,149.988,1,7,0.0834,4,50,8690468
Bardone Banhai Gaura,Vishwanath Mishra,/artist/vishwanath-mishra,03:03,Bhojpuri,07-11-2004,0.11,0.11,0.659,0.056,-10.622,0.04,149.934,0,8,0.0138,4,28,10768272
Gandhi Ke Pujaari,Baleshwar|Sathi,/artist/baleshwar|/artist/sathi,06:00,Bhojpuri,07-12-2000,0.21,0.424,0.854,0.581,-8.16,0.0177,149.951,0,5,0.069,4,31,2955204
Niviya Ki Dadhiya Maiyya Mori,Chandrani Mukherjee|Saathi,/artist/chandrani-mukherjee|/artist/saathi,03:58,Bhojpuri,02-07-2013,0.26,0.14,0.304,0.161,-12.809,0.0037,150.074,1,6,0.088,4,67,2270398
Mangala Se Nahin Mili,Manna Dey,/artist/manna-dey,02:59,Bhojpuri,12-07-2018,0.12,0.988,0.531,0.871,-12.394,0.038,155.155,0,5,0.0906,4,85,7818181
Tohake Mubarak Ho Naie Dulhaniya,Asha Bhosle,/artist/asha-bhosle-1,05:29,Bhojpuri,10-07-2012,0.83,0.99,0.311,0.417,-6.866,0.0164,150.23,1,9,0.0401,4,36,11303346
