song_name,singer,singer_id,duration,language,released_date,danceability,acousticness,energy,liveness,loudness,speechiness,tempo,mode,key,Valence,time_signature,popularity,Stream
Nain Katore Kajal Dore,Bhal Singh,/artist/bhal-singh,06:31,Haryanvi,04-02-2010,0.96,0.99,0.172,0.65,-12.934,0.066,185.328,1,0,0.0232,4,89,7890531
Mere Chundar Mange De Ho Ho Nandi Ke Bira,Dilraj Kaur,/artist/dilraj-kaur,05:05,Haryanvi,06-12-2017,0.1,0.794,0.741,0.516,-5.408,0.085,146.525,1,5,0.0845,4,79,5957519
Jija Tu Kale Main Gori Ghani,Dilraj Kaur|Vijaya Mazumder,/artist/dilraj-kaur|/artist/vijaya-mazumder-1,06:24,Haryanvi,04-05-2002,0.53,0.9,0.788,0.67,-2.559,0.0107,182.526,0,4,0.019,4,52,3354976
Pilla Paloongi Jaroor,Safdarjung Rana|Uma Dubey,/artist/safdarjung-rana|/artist/uma-dubey-2,03:09,Haryanvi,09-06-2021,0.8,0.733,0.662,0.124,-5.379,0.0608,143.383,1,2,0.036,4,98,4408550
Main Suraj Tu Chandrawal,Bhal Singh|Dilraj Kaur,/artist/bhal-singh|/artist/dilraj-kaur,04:32,Haryanvi,10-11-2002,0.96,0.01,0.111,0.48,-10.238,0.002,130.435,1,0,0.0354,4,72,11180061
Mere Paachhe Paachhe Aavan Ka Bhala Kun Sa Matlab Tera Se,Suresh Wadkar|Hemlata,/artist/suresh-wadkar|/artist/hemlata,06:19,Haryanvi,08-05-2018,0.53,0.201,0.405,0.051,-9.216,0.0592,156.063,0,6,0.03,4,88,350332
Gaidde Aali Gajvan Chhorhi Bhadar Garh Ka Bam,Bhal Singh,/artist/bhal-singh,06:05,Haryanvi,01-05-2018,0.72,0.26,0.025,0.15,-2.51,0,147.861,0,9,0.0894,4,83,6825460
Ujar Khere Murh Basen Ujarhe Neha Lout Re,Vijaya Mazumder,/artist/vijaya-mazumder-1,02:08,Haryanvi,01-10-2003,0.6,0.637,0.554,0.709,-3.703,0.02,146.038,0,3,0.001,4,69,5312143
Meri Patli Kamar,Dilraj Kaur,/artist/dilraj-kaur,04:39,Haryanvi,12-10-2014,0.26,0.65,0.361,0.2,-8.603,0.08,159.93,1,8,0.0615,4,29,2957964
Hum Hindustani Dushman Kaani Va Nadaani Karya Kare,Gulab Singh|Kusum Tanwar,/artist/gulab-singh|/artist/kusum-tanwar,04:25,Haryanvi,12-07-2007,0.6,0.464,0.462,0.979,-7.099,0.029,169.83,0,7,0.1,4,26,781546
Mere Nau Daandi Ka Beejna,Dilraj Kaur,/artist/dilraj-kaur,04:01,Haryanvi,01-09-2001,0.97,0.85,0.44,0.35,-11.438,0.01,117.962,1,8,0.013,4,93,1364743
Haye Haye Re Gulabo,Safdarjung Rana,/artist/safdarjung-rana,03:04,Haryanvi,09-04-2008,0.63,0.177,0.871,0.242,-4.676,0.0163,144.134,0,8,0.01,4,100,7379086
Nain Katore Kajal Dore,Bhal Singh,/artist/bhal-singh,06:31,Haryanvi,12-03-2005,0.61,0.11,0.526,0.45,-6.809,0.007,110.008,0,6,0.0489,4,73,1209075
Laut Aa,Dilraj Kaur|Vijaya Mazumder,/artist/dilraj-kaur|/artist/vijaya-mazumder-1,21:21,Haryanvi,07-01-2017,0.97,0.028,0.197,0.588,-7.728,0.01,192.63,1,6,0.0948,4,82,5907793
Chure Ne Leli Meri Jaan,Dilraj Kaur,/artist/dilraj-kaur,04:46,Haryanvi,06-04-2011,0.67,0.04,0.917,0.87,-4.763,0.0694,143.383,0,2,0.1,4,99,7776802
Tu Chhori Se Ek Chhora,Safdarjung Rana|Mohini Narula,/artist/safdarjung-rana|/artist/mohini-narula,03:15,Haryanvi,01-12-2012,0.09,0.71,0.609,0.002,-7.482,0.08,146.549,0,0,0.01,4,74,9238443
Mere Dil Pe Likh Diya Naam,Bhaal Singh,/artist/bhaal-singh,04:20,Haryanvi,02-05-2001,0.81,0.27,0.937,0.55,-3.848,0.01,164.028,0,6,0.0246,4,100,9984550
Abke Pakam,Dilraj Kaur,/artist/dilraj-kaur,05:48,Haryanvi,07-01-2006,0.68,0.73,1,0.468,-10.278,0.062,117.971,0,4,0.065,4,97,2924146
Ram Ji Ne Roop Diya,Dilraj Kaur|Bhupender,/artist/dilraj-kaur|/artist/bhupender,04:18,Haryanvi,10-08-2016,0.68,0.42,0.678,0.76,-13.005,0.02,170.036,0,0,0.03,4,64,209960
Kab Tak Chhaila Chalegi Teri Marji,Pushpa Pagdhare,/artist/pushpa-pagdhare,03:46,Haryanvi,05-08-2006,0.84,0.607,0.453,0.327,-10.031,0.04,192.106,0,8,0.096,4,36,9964105
Hum Bharat Maa Tere Veer,Sumer Singh|Gulab Singh,/artist/sumer-singh|/artist/gulab-singh,06:34,Haryanvi,03-03-2012,0.24,1,0.867,0.71,-13.659,0.02,166.027,0,6,0.0549,4,85,11175409
Re Gori Tera Joban Kare Re Kamaal,Bhaal Singh,/artist/bhaal-singh,07:00,Haryanvi,02-07-2006,0.74,0.543,0.977,0.901,-7.116,0.024,200.446,0,4,0.0176,4,31,8398359
Tan Ka Rog Nahin Dehi Mein-Raagani,Bhal Singh,/artist/bhal-singh,06:50,Haryanvi,10-06-2013,0.06,0.75,0.173,0.98,-12.947,0.033,180.02,1,0,0.0171,4,83,4039824
Sare Gaam Mein Rukka Padgya,Dilraj Kaur,/artist/dilraj-kaur,04:47,Haryanvi,04-04-2010,0.76,0.572,0.874,0.773,-11.532,0.04,135.093,1,0,0.09,4,86,2945983
Barsasha Laaguge Gori Kaale Kaale Baadal-Raagani,Dilraj Kaur|Bhal Singh,/artist/dilraj-kaur|/artist/bhal-singh,07:29,Haryanvi,04-09-2020,0.17,0.56,0.067,0.84,-6.904,0.001,192.612,1,4,0.084,4,58,3995217
Byahli Gori Rang Mahal Men,Bhagat Singh,/artist/bhagat-singh,08:24,Haryanvi,07-01-2010,0.06,0.741,0.047,0.67,-3.951,0.09,135.998,1,7,0.02,4,83,3207972
Meri Khet Ki Maidh Pe Tu,Dilraj Kaur|Triloki Verma,/artist/dilraj-kaur|/artist/triloki-verma,05:40,Haryanvi,04-06-2000,0.57,0.19,0.617,0.16,-6.446,0.05,174.727,1,4,0.089,4,43,4441755
Nang Dharang Fashion Ho Gaya,Safdarjung Rana,/artist/safdarjung-rana,03:04,Haryanvi,01-04-2022,0.9,0.591,0.234,0.812,-9.69,0.004,170.606,0,6,0.0005,4,54,4095195
Sapne Main Hoya Kamaal,Savita Saathi,/artist/savita-saathi,06:13,Haryanvi,08-07-2019,0.45,0.15,0.697,0.46,-11.43,0.03,175.989,1,4,0.1,4,76,4047480
Ho Chhori Bangar Ki,Safdarjung Rana|Uma Dubey,/artist/safdarjung-rana|/artist/uma-dubey-4,03:04,Haryanvi,03-12-2010,0.97,0.544,0.569,0.818,-8.561,0.075,194.432,0,9,0.08,4,97,9105655
Chhora Jaat Ka,Bhaal Singh,/artist/bhaal-singh,04:03,Haryanvi,08-10-2010,0.31,0.14,0.274,0.22,-13.811,0.069,156.648,0,11,0.07,4,44,1121949
Jamna Paar Ki Gouri,Safdarjung Rana|Uma Dubey,/artist/safdarjung-rana|/artist/uma-dubey-5,03:11,Haryanvi,12-02-2000,0.44,0.108,0.327,0.745,-8.448,0.1,187.952,0,3,0.09,4,53,4101350
Ke Bera Tha Jindgi Manei,Dilraj Kaur|Triloki Verma,/artist/dilraj-kaur|/artist/triloki-verma,07:39,Haryanvi,08-09-2013,0.31,0.45,0.24,0.72,-2.02,0.05,134.17,0,9,0.03,4,58,2154006
Sonipat Ke Hoor,Usha Jariwala|Triloki Verma,/artist/usha-jariwala|/artist/triloki-verma,03:14,Haryanvi,06-10-2022,0.18,0.32,0.917,0.668,-3.283,0.0669,195.814,1,2,0,4,93,10240412
Ek Chhori Gaon Ki Gori,Triloki Verma,/artist/triloki-verma,05:04,Haryanvi,09-10-2013,0.82,0.91,0.357,0.55,-5.984,0.0192,197.52,0,4,0.07,4,43,6176718
Main Suraj Tu Chandrawal,Bhal Singh|Dilraj Kaur,/artist/bhal-singh|/artist/dilraj-kaur,04:32,Haryanvi,11-06-2008,0.01,0.877,0.701,0.252,-2.257,0.08,205.638,0,0,0.0553,4,61,500856
Sarson Phulee Rang Basanti,Dilraj Kaur,/artist/dilraj-kaur,03:42,Haryanvi,03-07-2002,0.06,0.62,0.147,0.92,-13.263,0.0421,190.54,0,6,0.05,4,60,10746853
Madam Hanske Karle Pyar,Safdarjung Rana|Uma Dubey,/artist/safdarjung-rana|/artist/uma-dubey-1,05:42,Haryanvi,01-03-2000,0.84,0.683,0.689,0.58,-13.748,0.089,134.917,0,6,0.03,4,58,9359189
Mhari Gordi Gori Gori,Bhupender,/artist/bhupender,03:52,Haryanvi,05-09-2006,0.05,0.93,0.637,0.37,-10.965,0.08,176.426,0,7,0.0082,4,53,1986167
Teri Morni Si Chaal,Devkumar Ghayal|GEETA RANI,/artist/devkumar-ghayal|/artist/geeta-rani,06:34,Haryanvi,11-07-2001,0.71,0.843,0.317,0.975,-3.255,0.0019,180.066,0,10,0.0676,4,25,8417326
Upar Aali Gori,Bhaal Singh|Janardan Sharma|Savita Saathi,/artist/bhaal-singh|/artist/janardan-sharma|/artist/savita-saathi,04:23,Haryanvi,06-06-2017,0.33,0.04,0.796,0.92,-12.962,0.07,191.942,0,0,0.004,4,61,2677643
Saasre Ne Jyagi Bebe,Savita Saathi,/artist/savita-saathi,09:52,Haryanvi,12-03-2002,0.82,0.631,0.689,0.667,-4.082,0.056,105.074,0,6,0.0921,4,93,2062387
Bagro Re Chaudhury Ho,Safdarjung Rana|Uma Dubey,/artist/safdarjung-rana|/artist/uma-dubey-3,03:00,Haryanvi,12-03-2020,0.13,0.39,0.019,0.12,-12.562,0.0083,171.964,0,2,0.01,4,53,5603143
Main Ro Ro Ke Raat Bitati Ho,Dilraj Kaur|Om Rahi,/artist/dilraj-kaur|/artist/om-rahi,05:16,Haryanvi,01-01-2002,0.97,0.553,0.021,0.472,-12.905,0.058,189.276,1,0,0.01,4,68,1978249
Chundar Odhoongi Mahal Ke Beech,Dilraj Kaur,/artist/dilraj-kaur,05:21,Haryanvi,06-11-2013,0.82,0.06,0.299,0.13,-5.002,0.0867,168.738,1,7,0.0055,4,57,10093968
Gori Mare Gam Ki,Chand Sanware,/artist/chand-sanware,05:04,Haryanvi,11-05-2003,0.52,0.735,0.33,0.767,-7.362,0.059,204.318,0,9,0.01,4,53,4909638
Sun Mere Sajan,Safdarjung Rana|Mohini Narula,/artist/safdarjung-rana|/artist/mohini-narula,02:54,Haryanvi,02-07-2020,0.81,0.76,0.729,0.95,-2.448,0.08,195.782,0,10,0.0354,4,88,1658801
Sab Hui Padosan Tyar,Om Rahi|Savita Sathi,/artist/om-rahi|/artist/savita-sathi-1,04:59,Haryanvi,07-12-2001,0.61,0.316,0.422,0.494,-2.958,0.069,113.544,1,0,0.09,4,84,6202657
Mere Chundar Mange De Ho Ho Nandi Ke Bira,Dilraj Kaur,/artist/dilraj-kaur,05:05,Haryanvi,05-03-2020,0.23,0.4,0.525,0.06,-2.16,0.077,204.07,0,10,0.0812,4,61,7534015
Madari,Kishore Kumar|Pravathi,/artist/kishore-kumar|/artist/pravathi,03:10,Haryanvi,05-02-2019,0.71,0.311,0.652,0.835,-6.8,0.0659,205.932,0,4,0.0062,4,64,5250147
Main To Mari Hoti,Dilraj Kaur,/artist/dilraj-kaur,04:42,Haryanvi,12-04-2022,0.85,0.89,0.227,0.65,-6.196,0.0646,187.94,1,5,0.078,4,47,10740145
Shakuntala Teri Shan Dekh Ke Shakuntala,Gulab Singh,/artist/gulab-singh,03:10,Haryanvi,02-08-2004,0.95,0.384,0.09,0.677,-10.091,0.086,192.042,1,1,0.02,4,56,11055321
Menka Chali Kuti Te Bahr,Sultan Singh,/artist/sultan-singh,03:28,Haryanvi,05-04-2007,0.95,0.82,0.395,0.78,-4.942,0.011,163.17,0,1,0.077,4,50,7643141
Ho Kaise Ghara Uthaoon Main,Sumer Singh Yadav,/artist/sumer-singh-yadav,03:00,Haryanvi,02-02-2007,1,0.787,0.982,0.091,-6.419,0.0554,182.31,0,7,0.057,4,80,6110664
Raja Janak Ghar Swayamber,Kavita Krishnamurthy,/artist/kavita-subramaniam,06:11,Haryanvi,07-07-2016,0.16,0.48,0.972,0.61,-2.729,0.08,190.014,0,3,0.06,4,82,5801590
Main Teri Thi Tu Mera Tha Manne Ke Nyu Bera Tha,Hemlata,/artist/hemlata,05:00,Haryanvi,11-01-2014,0.41,0.655,0.101,0.859,-12.778,0.0204,198.314,0,7,0.03,4,83,198780
Mata Ne Banvas Tolia,Sultan Singh,/artist/sultan-singh,03:15,Haryanvi,08-03-2003,0.61,0.95,0.002,0.3,-2.135,0.0047,179.916,0,9,0.027,4,54,6625604
Pandit Ji Dekho Haath Batlaao Manne Kaisa Pati Milega,Suresh Wadkar|Hemlata,/artist/suresh-wadkar|/artist/hemlata,05:00,Haryanvi,04-05-2006,0.99,0.068,0.371,0.485,-6.055,0.0463,200.154,0,11,0.0812,4,91,6097116
Teri Kamar Pe Choti Latke Re,Anuradha Paudwal|Suresh Wadkar,/artist/anuradha-paudwal-2|/artist/suresh-wadkar,04:31,Haryanvi,09-02-2014,0,0.23,0.62,1,-8.793,0.09,139.974,0,11,0.0118,4,35,8692134
Meri Pasali Mein Dard Huya Meri Maa,Dilraj Kaur|Usha Bhusawal,/artist/dilraj-kaur|/artist/usha-bhusawal,03:00,Haryanvi,02-02-2006,0.85,0.552,0.936,0.659,-8.005,0.04,169.154,1,1,0.015,4,53,4032563
Saath Raihniye Sang Ke Saathi,Mahendra Kapoor,/artist/mahendra-kapoor,09:00,Haryanvi,01-01-2011,0.84,0.87,0.115,0.16,-3.396,0.0786,154.574,0,5,0.0071,4,60,2147164
Tumba Bole,Vinay Kamalkishore|Satish Kumar|Mohini Narula|Pravathi,/artist/vinay-kamalkishore|/artist/satish-kumar|/artist/mohini-narula|/artist/pravathi,03:18,Haryanvi,12-11-2017,0.49,0.779,0.797,0.349,-8.58,0.0125,155.148,0,7,0.079,4,84,6607448
Gaidde Aali Gajvan Chhorhi Bhadar Garh Ka Bam,Bhal Singh,/artist/bhal-singh,06:05,Haryanvi,07-01-2008,0.09,0.25,0.663,0.14,-2.934,0.02,189.72,0,2,0.0636,4,50,5443562
Mannei Bulave Tha Chhora Baangar Ka,Savita Saathi,/artist/savita-saathi,06:07,Haryanvi,06-03-2020,0.58,0.495,0.935,0.572,-12.915,0.056,179.513,0,8,0.08,4,70,2741377
Ujar Khere Murh Basen Ujarhe Neha Lout Re,Vijaya Mazumder,/artist/vijaya-mazumder-1,02:07,Haryanvi,03-04-2010,0.88,0.8,0.741,0.08,-6.084,0.06,176.304,1,1,0.07,4,88,3923268
Tu Mahlan Ki Rahne Aali Main Kismat Ka Mara Su,Bhaal Singh|Savita Saathi,/artist/bhaal-singh|/artist/savita-saathi,06:45,Haryanvi,03-06-2005,0.49,0.482,0.435,0.146,-12.394,0.06,159.966,0,3,0.01,4,58,2708326
Upar Aali Gori,Savita Saathi,/artist/savita-saathi,02:43,Haryanvi,04-02-2012,0.41,0.28,0.792,0.23,-5.4,0.0212,125.91,1,2,0.074,4,78,5963408
Chaugardai Tai Baag Hara Dhan Sasu Ka Khyaal Rakhiye& & Gin Kai De Liye Bol Teen Sau Saa,Karan Singh Makroliya|Party,/artist/karan-singh-makroliya|/artist/party,01:01,Haryanvi,06-04-2020,0.88,0.445,0.737,0.502,-3.644,0.06,201.89,1,0,0.01,4,70,4470620
Bagar Bam Bam,Vinay Kamalkishore|Satish Kumar|Mohini Narula|Pravathi,/artist/vinay-kamalkishore|/artist/satish-kumar|/artist/mohini-narula|/artist/pravathi,03:12,Haryanvi,12-11-2014,0,0.44,0.839,0.29,-13.846,0.07,124.092,0,10,0.04,4,86,7095209
Meri Gali Byah Karwale,Chand Sanware|Dilraj Kaur,/artist/chand-sanware|/artist/dilraj-kaur,04:57,Haryanvi,07-09-2018,1,0.604,0.21,0.431,-9.093,0.05,135.781,1,10,0.08,4,53,4854068
Meri Aankh Teri Angiya Mein Fans Gayi-Raagani,Dilraj Kaur|Naseeb Singh,/artist/dilraj-kaur|/artist/naseeb-singh,07:00,Haryanvi,12-02-2008,0.15,0.97,0.837,0.38,-13.854,0.01,141.968,0,4,0.06,4,98,6549692
Rohtak Jana Se,Safdarjung Rana|Uma Dubey,/artist/safdarjung-rana|/artist/uma-dubey-1,02:55,Haryanvi,11-01-2003,0.54,0.039,0.315,0.784,-9.371,0.006,175.934,1,0,0.01,4,29,2139370
Chandra Gupti Garat,Unknown,/artist/unknown,03:17,Haryanvi,09-04-2005,0.79,0.14,0.663,0.37,-2.807,0.024,165.678,0,11,0.05,4,53,1258266
Khol Gori Jhat Khol,Safdarjung Rana|Uma Dubey,/artist/safdarjung-rana|/artist/uma-dubey-1,03:32,Haryanvi,11-04-2004,0.66,0.065,0.277,0.018,-10.932,0.0135,105.079,0,1,0.07,4,31,2126293
Calcutta Ghumaau Saari Raat Mera Man Aisa Kare,Hemlata,/artist/hemlata,06:00,Haryanvi,03-11-2018,0.71,0.8,0.333,0.13,-10.979,0.02,107.989,0,4,0.05,4,69,5056449
Gehri Chot Oat Ke Chaali,Bhaal Singh,/artist/bhaal-singh,08:00,Haryanvi,03-02-2002,0.05,0.233,0.254,0.235,-7.23,0.03,182.06,1,4,0.047,4,59,1529194
Hari Bhari Tarakari Lilo,Chand Sanware|Om Rahi,/artist/chand-sanware|/artist/om-rahi,04:28,Haryanvi,10-07-2014,0,0.39,0.327,0.52,-2.317,0.09,119.874,0,8,0.09,4,55,6649194
Arey Mele Main Ek Chhori Dekhi,Bhaal Singh,/artist/bhaal-singh,04:14,Haryanvi,02-03-2018,0.65,0.047,0.193,0.013,-3.756,0.087,145.176,1,1,0.03,4,56,9937074
Sooraj Mukh Na Jaaungi,Dilraj Kaur,/artist/dilraj-kaur,08:00,Haryanvi,08-04-2016,0.05,0.04,0.712,0.71,-9.713,0.05,169.956,1,6,0.0163,4,63,5976919
Rishta Na Koi Kariyo Apne Te Bade Ghar Mein,Mahendra Kapoor,/artist/mahendra-kapoor,07:00,Haryanvi,12-03-2005,0.87,0.227,0.007,0.713,-2.26,0.034,128.03,0,11,0.054,4,53,1525507
Saman Ka Mahina Tha,Anuradha Paudwal,/artist/anuradha-paudwal-2,05:21,Haryanvi,02-10-2017,0,0.38,0.482,0.48,-6.426,0.061,188.066,0,5,0.0078,4,93,2378560
Aawe Re Aawe Ik,Rajesh Madina|Anuja,/artist/rajesh-madina|/artist/anuja,04:36,Haryanvi,09-02-2010,0.46,0.272,0.322,0.732,-10.794,0.04,175.926,1,0,0.09,4,25,10358752
Aaja Dhabe Pe Khagri,Usha Jariwala|Triloki Verma,/artist/usha-jariwala|/artist/triloki-verma,03:08,Haryanvi,11-04-2018,0.35,0.24,0.604,0.9,-3.742,0.002,109.694,1,8,0.0808,4,98,2965871
O Mere Sajana - Dilraj Kaur,Dilraj Kaur,/artist/dilraj-kaur,05:36,Haryanvi,06-04-2015,0.02,0.448,0.151,0.045,-7.576,0.0095,105.007,1,8,0.0633,4,62,203401
Teri Nagan Bargi Chaal,Safdarjung Rana|Uma Dubey,/artist/safdarjung-rana|/artist/uma-dubey-1,03:10,Haryanvi,11-04-2021,0.84,0.89,0.842,0.76,-2.039,0.047,157.218,0,7,0.059,4,31,1102491
Lagi Chaski Pyar Ki,Dilraj Kaur,/artist/dilraj-kaur,06:54,Haryanvi,04-01-2004,0.85,0.848,0.504,0.402,-2.3,0,150.327,1,11,0.017,4,91,6573414
Jija Tu Kale Main Gori Ghani,Dilraj Kaur|Vijaya Mazumder,/artist/dilraj-kaur|/artist/vijaya-mazumder-2,06:24,Haryanvi,06-04-2013,0.11,0.03,0.429,0.09,-9.906,0.061,149.829,1,7,0.077,4,70,9570343
Dhak Dhak Dil Dhadke Sa Bata Kyun Dhadke Sa,Gulab Singh|Kusum Tanwar,/artist/gulab-singh|/artist/kusum-tanwar,05:00,Haryanvi,10-09-2004,0.22,0.381,0.142,0.612,-6.942,0.03,125.775,0,3,0.087,4,25,10281244
Tanei Pyar Karun Su Jitna Main,Suresh Wadkar|Dilraj Kaur,/artist/suresh-wadkar|/artist/dilraj-kaur,04:00,Haryanvi,10-12-2013,0.42,0.93,0.849,0.09,-3.265,0.028,159.158,0,0,0.007,4,45,7566553
Esaa Thok De Nalka,Devkumar Ghayal|GEETA RANI,/artist/devkumar-ghayal|/artist/geeta-rani,06:41,Haryanvi,05-11-2016,0.45,0.286,0.156,0.772,-7.018,0.085,202.554,0,0,0.084,4,41,4412395
Haryanvi Kissa Chandrahas Part-1,Safdarjung Rana,/artist/safdarjung-rana,59:48:00,Haryanvi,10-05-2018,0.82,0.24,0.704,0.81,-5.689,0.0297,199.022,0,5,0.0549,4,83,10343348
Laut Aa,Dilraj Kaur|Vijaya Mazumder,/artist/dilraj-kaur|/artist/vijaya-mazumder-1,21:02,Haryanvi,01-02-2015,0.35,0.283,0.953,0.459,-11.104,0.0195,155.563,0,5,0.004,4,30,3274504
Mera Fans Gaya Dol,Safdarjung Rana|Mohini Narula,/artist/safdarjung-rana|/artist/mohini-narula,03:09,Haryanvi,05-01-2003,0.27,0.89,0.681,0.89,-4.579,0.057,185.944,0,8,0.04,4,99,2620497
Behen Teri Ne Bhabhi,Rajesh Madina|Anuja,/artist/rajesh-madina|/artist/anuja,05:16,Haryanvi,04-04-2022,0.44,0.478,0.851,0.609,-12.952,0,110.478,0,9,0.01,4,97,5091522
Dhundhwa Do Bansi Mori Ji,Dilraj Kaur|Bhupendra,/artist/dilraj-kaur|/artist/bhupendra,07:00,Haryanvi,02-10-2022,0.37,0.79,0.839,0.74,-7.787,0.052,189.43,1,9,0.04,4,57,6913503
Binati Kae Sae Ayodhya Ke Wasi,Jagjit Jeeto,/artist/jagjit-jeeto,04:59,Haryanvi,09-01-2009,0.82,0.65,0.979,0.869,-10.859,0.044,162.534,0,11,0.0179,4,58,10172410
Raja Main Teri Ho Gayi,Kusum Tanwar|Reshama,/artist/kusum-tanwar|/artist/reshama,03:00,Haryanvi,09-07-2021,0.24,0.79,0.092,0.27,-10.316,0.0904,148.116,0,5,0.0229,4,97,6861567
Aaja Nimadi Tale,Ravindra Sathe|Jaishri,/artist/ravindra-sathe|/artist/jaishri,04:35,Haryanvi,03-01-2019,0.6,0.463,0.381,0.483,-13.892,0.0307,200.062,1,2,0.05,4,68,4685855
Nazar Utha Ke Dekhya,Dharam Singh,/artist/dharam-singh,05:56,Haryanvi,05-09-2021,0.85,0.47,0.769,0.8,-4.299,0.08,179.798,0,11,0.05,4,76,6910780
Babaji Aade,Unknown,/artist/unknown,03:19,Haryanvi,05-04-2019,0.01,0.93,0.877,0.777,-3.648,0.061,180.06,0,0,0.086,4,26,4153863
Aam Gadra Gaye Nayan Pathra Gaye,Savita,/artist/savita,07:00,Haryanvi,07-08-2002,0.8,0,0.362,0.03,-9.472,0.1,190.084,1,1,0.0002,4,57,8595199
C,Karan Singh Makroliya|Party,/artist/karan-singh-makroliya|/artist/party,01:01,Haryanvi,01-10-2019,0.06,0.987,0.043,0.098,-10.362,0.03,118.413,1,8,0.01,4,35,8293725
Chhuk Chhuk Chhuk,Safdarjung Rana|Uma Dubey,/artist/safdarjung-rana|/artist/uma-dubey-1,02:56,Haryanvi,02-04-2019,0.39,0.3,0.883,0.48,-7.016,0.0912,160.252,0,9,0.07,4,87,1780458
Roop Kala Gori,Safdarjung Rana|Mohini Narula,/artist/safdarjung-rana|/artist/mohini-narula,02:57,Haryanvi,07-01-2010,0.93,0.531,0.36,0.924,-2.185,0.01,199.952,0,9,0.0217,4,69,403310
Mere Dab Dab Bhar Aaye Nain,Mohini Narula|Sudarshan Bali,/artist/mohini-narula|/artist/sudarshan-bali,03:12,Haryanvi,10-06-2002,0.71,0.79,0.725,0.24,-2.379,0.06,195.904,0,4,0.04,4,99,1795515
Fauji Manas Ke Jaane,Dharam Singh|Satish|Triloki Verma|Maj. Birman,/artist/dharam-singh|/artist/satish|/artist/triloki-verma|/artist/maj-birman-1,08:59,Haryanvi,03-06-2020,0.54,0.997,0.858,0.783,-12.833,0.0912,199.952,1,1,0.0062,4,80,9030408
Sacha Mhara Pyar Piya Ho Jhootha Yo Sansaar,Savita Saathi|Bhaal Singh,/artist/savita-saathi|/artist/bhaal-singh,04:59,Haryanvi,12-03-2008,0.06,0.24,0.095,0.7,-7.45,0.031,104.997,1,9,0.047,4,82,4684473
Mahara Chhora Hoya Javan Piya,Jaspinder Narula|Safdarjung Rana,/artist/jaspinder-narula|/artist/safdarjung-rana,05:55,Haryanvi,05-12-2000,0.18,0.316,0.194,0.23,-8.56,0.03,115.07,0,6,0.047,4,93,5023181
Choudhury Hath Jorh Ri Se,Safdarjung Rana|Uma Dubey,/artist/safdarjung-rana|/artist/uma-dubey-1,02:56,Haryanvi,04-12-2004,0.36,0.05,0.047,0.27,-2.957,0.0765,193.982,1,2,0.05,4,91,8397672
Tavda Mando Par Ja Re,Pushpa Pagdhare,/artist/pushpa-pagdhare,06:14,Haryanvi,06-07-2005,0.81,0.357,0.735,0.222,-6.318,0.006,171.812,0,6,0.0099,4,93,4144544
Dekho Dharti Pae Aakash Aa Gaya,Prafull|Kavita Krishnamurthy,/artist/prafull|/artist/kavita-subramaniam,07:10,Haryanvi,07-12-2011,0.98,0.23,0.241,0.19,-6.833,0.0933,125.78,0,8,0.097,4,96,10454433
Hey Bhaan Meri Paat Gya Chala,Savita Saathi,/artist/savita-saathi,03:42,Haryanvi,06-01-2015,0.55,0.198,0.818,0.769,-9.281,0.061,179.876,0,5,0.0375,4,31,3350940
Aye Hai Re Gulabo Chhori,Safdarjung Rana|Kiran Sharma,/artist/safdarjung-rana|/artist/kiran-sharma,02:49,Haryanvi,03-04-2021,0.15,0.44,0.517,0.57,-11.623,0.0403,198.272,1,9,0.032,4,86,9183616
Dhula Lyo Raghuraj Pag,Prafull|Dilraj Kaur,/artist/prafull|/artist/dilraj-kaur,06:37,Haryanvi,05-08-2020,0.92,0.607,0.665,0.368,-9.056,0.0507,116.06,0,1,0.023,4,71,7009140
Meri Gail Mein Vyah Karva Le,Gulab Singh,/artist/gulab-singh,04:50,Haryanvi,05-01-2019,0.86,0.34,0.591,0.97,-11.004,0.02,104.95,0,0,0.013,4,72,9935910
Tik Tik Bar Bar,Safdarjung Rana|Uma Dubey,/artist/safdarjung-rana|/artist/uma-dubey-1,03:34,Haryanvi,12-09-2019,0.47,0.472,0.629,0.706,-7.216,0.034,122.934,0,9,0.03,4,81,2385725
Phagan Ke Din Aaye Ho,Savita Saathi|Bhaal Singh,/artist/savita-saathi|/artist/bhaal-singh,05:02,Haryanvi,01-05-2009,0.93,0.58,0.259,0.35,-6.146,0.015,121.321,1,11,0.08,4,30,8567234
Tere Galon Pai Rang Laga Doon,Devkumar Ghayal|GEETA RANI,/artist/devkumar-ghayal|/artist/geeta-rani,07:42,Haryanvi,07-09-2023,0.56,0.378,0.039,0.439,-2.315,0.05,197.873,0,2,0.02,4,89,2382762
Door Manai Se Jana,Savita Saathi|Bhaal Singh,/artist/savita-saathi|/artist/bhaal-singh,04:44,Haryanvi,01-07-2004,0.93,0.88,0.084,0.45,-5.547,0.074,157.878,1,6,0.0516,4,76,4105593
Ho Meri Chhann Paheli Haathan Main Taambe Ki Goonthi,Savita Saathi,/artist/savita-saathi,04:04,Haryanvi,08-08-2004,0.34,0.459,0.054,0.619,-13.44,0.02,180.063,1,0,0.079,4,76,2090362
Ae Chhori Baangad Ki,Savita Saathi|Safdarjung Rana,/artist/savita-saathi|/artist/safdarjung-rana,04:24,Haryanvi,07-04-2018,0.42,0.67,0.99,0.03,-8.69,0.072,159.925,0,1,0.0251,4,84,1917031
Bhagwan Krishna Murari,Bhaal Singh,/artist/bhaal-singh,04:00,Haryanvi,10-05-2014,0.28,0.944,0.047,0.241,-4.141,0.0115,173.914,1,7,0.022,4,54,6987231
Chore Keue Morh,Unknown,/artist/unknown,03:31,Haryanvi,10-12-2014,0.13,0.93,0.51,0.29,-8.887,0.0586,115.555,0,10,0.03,4,59,3693889
Ootni Ka,Usha Jariwala,/artist/usha-jariwala,03:08,Haryanvi,01-03-2014,0.46,0.189,0.092,0.417,-3.963,0.06,192.034,1,7,0.03,4,31,2199620
Banna Chhoti Mirch Ghani Tej Re,Mohini Narula|Sudarshan Bali,/artist/mohini-narula|/artist/sudarshan-bali,03:12,Haryanvi,04-02-2009,0.93,0.12,0.688,0.57,-2.393,0.03,150.011,1,0,0.0602,4,63,3157480
Mera Daaman Dharya Heri Aale Main,Savita Saathi,/artist/savita-saathi,05:55,Haryanvi,08-03-2023,0.88,0.814,0.986,0.217,-13.867,0.03,118.94,0,5,0.083,4,66,2146997
Je Manne Bera Hota Babul,Dilraj Kaur,/artist/dilraj-kaur,05:17,Haryanvi,02-01-2012,0.03,0.2,0.541,0.44,-2.269,0.0172,133.216,0,10,0.009,4,85,7259199
Aur Nashe Bekaar Nasha Bas Daaru Ka,Gulab Singh|Safdarjung Rana,/artist/gulab-singh|/artist/safdarjung-rana,05:34,Haryanvi,01-07-2006,0.33,0.727,0.03,0.086,-5.705,0.037,191.44,1,7,0.0398,4,73,5549531
Ghoor Ghoor Kyun Dekhe Re Chhore,Bhaal Singh|Savita Saathi,/artist/bhaal-singh|/artist/savita-saathi,04:25,Haryanvi,09-03-2009,0.26,0.58,0.555,0.96,-6.737,0.031,179.54,0,1,0.045,4,92,3136828
Ek Din Arjun Aur Gopal,Yazin Nizar,/artist/yasin,13:00,Haryanvi,07-11-2019,0.84,0.047,0.082,0.472,-7.467,0.054,155.047,1,1,0.04,4,96,4993452
Tu Ke He Sae Ke Dujo Ram,Kavita Krishnamurthy|Sushma Seth,/artist/kavita-subramaniam|/artist/sushma-seth,06:27,Haryanvi,06-10-2009,0.94,0.26,0.121,0.14,-6.737,0.0136,184.718,0,10,0.01,4,50,4975288
Kod Kade Ki Rhane Aali,Guru Das Sharma,/artist/guru-das-sharma,07:00,Haryanvi,02-08-2011,0.4,0.517,0.83,0.416,-4.166,0.1,77.557,1,0,0.0065,4,99,1217727
Sun Darzi Ke Toon Meri,Safdarjung Rana|Uma Dubey,/artist/safdarjung-rana|/artist/uma-dubey-1,02:49,Haryanvi,03-09-2010,0.59,0.45,0.95,0.25,-11.741,0,123.984,1,9,0.059,4,91,914655
Dilde Mein Prem Ganth Yaari,Savita,/artist/savita,05:02,Haryanvi,10-02-2008,0.93,0.123,0.595,0.377,-5.095,0.059,155.008,0,7,0.0303,4,98,7827717
Meri Khulgi Raat Ne,Safdarjung Rana|Kiran Sharma,/artist/safdarjung-rana|/artist/kiran-sharma,03:03,Haryanvi,01-02-2015,0.01,0.76,0.705,0.24,-3.536,0.06,76.469,0,10,0.0381,4,92,7678669
Log Lugai Looten Mouj,Triloki Verma,/artist/triloki-verma,03:11,Haryanvi,04-01-2024,0.91,0.038,0.116,0.79,-2.034,0.05,140.958,1,1,0.039,4,36,1698919
Meri Gai Patili Phoot,Safdarjung Rana|Kiran Sharma,/artist/safdarjung-rana|/artist/kiran-sharma,03:21,Haryanvi,12-05-2019,0.52,0.46,0.352,0.45,-10.32,0.01,97.008,0,10,0.06,4,31,6487025
Here Lakshman Gaadi To Roko,Savita,/artist/savita,06:21,Haryanvi,03-10-2009,0.54,0.876,0.897,0.292,-4.62,0.07,96.057,1,8,0.07,4,51,5773273
Beri Aali Bhai,Raj Kishan|Agwan Puriya,/artist/raj-kishan|/artist/agwan-puriya,07:00,Haryanvi,02-01-2000,0.73,0.76,0.981,0.89,-13.283,0.02,111.997,1,2,0.03,4,67,1716813
Lya Hat Mane Pakraiye,Safdarjung Rana|Mohini Narula,/artist/safdarjung-rana|/artist/mohini-narula,03:07,Haryanvi,02-06-2012,0.02,0.346,0.289,0.674,-3.999,0.047,94.998,1,8,0.09,4,55,2702195
Moyre Prem Te,Unknown,/artist/unknown,03:00,Haryanvi,10-09-2012,0.32,0.33,0.839,0.31,-11.274,0.0564,109.004,1,1,0.0663,4,73,3032433
Choori Paheroongi Rangdar,Safdarjung Rana|Mohini Narula,/artist/safdarjung-rana|/artist/mohini-narula,03:25,Haryanvi,09-07-2006,0,0.576,0.79,0.211,-5.341,0.063,180.051,1,1,0.033,4,54,8862727
Shahzada Banna Ladla,Mohini Narula|Sudarshan Bali,/artist/mohini-narula|/artist/sudarshan-bali,02:53,Haryanvi,10-03-2006,0.47,0.59,0.654,0.65,-8.516,0.08,98.043,0,2,0.0263,4,88,2738714
Mere Paan Men Kata,Safdarjung Rana|Uma Dubey,/artist/safdarjung-rana|/artist/uma-dubey-1,03:30,Haryanvi,05-10-2013,0.46,0.099,0.993,0.766,-6.959,0.03,140.004,0,10,0.03,4,82,7732976
Dushman Ne Ghatiyan Gheri Bhayankar,Kusum Tanwar,/artist/kusum-tanwar,04:00,Haryanvi,08-07-2009,0.41,0.69,0.021,0.53,-7.079,0.091,93.943,1,7,0.0366,4,30,1745323
Tere Jaise Phire Se Hazaar Hain Chhore,Vandana Bajpeyie,/artist/vandana-bajpeyie,04:00,Haryanvi,02-03-2009,0.23,0.155,0.812,0.853,-8.369,0.057,99.96,1,5,0.0915,4,71,1372073
Aaja Tu Meri Baahon Mein,Dilraj Kaur|Charanjit Ahuja,/artist/dilraj-kaur|/artist/charanjit-ahuja,05:08,Haryanvi,02-11-2008,0.99,0.3,0.409,0.8,-12.217,0.02,119.957,0,5,0.0225,4,34,11041833
Haye Budha Ho Ke,Safdarjung Rana|Uma Dubey,/artist/safdarjung-rana|/artist/uma-dubey-1,02:54,Haryanvi,07-11-2010,0.43,0.376,0.436,0.02,-4.312,0.1,159.966,0,4,0.083,4,62,340312
Aya Sai Maniara,Vinay Kamal|Mohini Narula,/artist/vinay-kamal|/artist/mohini-narula,03:10,Haryanvi,01-05-2007,0.66,0.69,0.237,0.71,-12.355,0.068,150.002,1,9,0.0375,4,89,11070526
Piya Murli Manei Banale,Savita Saathi|Bhaal Singh,/artist/savita-saathi|/artist/bhaal-singh,04:00,Haryanvi,08-04-2010,0.92,0.317,0.467,0.677,-11.063,0.0071,100.024,1,8,0.037,4,73,8781320
Main Chhail Gailyaan Jaangi,Anuradha Paudwal,/artist/anuradha-paudwal-2,05:00,Haryanvi,10-04-2013,0.3,0.12,0.478,0.33,-5.545,0.09,145.972,1,5,0.036,4,35,5740498
Jodi Jyotan Me Nyu Jud Gaee Re Ram,Prafull,/artist/prafull,05:30,Haryanvi,12-02-2023,0.11,0.331,0.823,0.033,-13.143,0.0867,75.023,1,1,0.088,4,44,1832620
O Mere Goga Peer Ji,Hemlata,/artist/hemlata,05:00,Haryanvi,01-05-2016,0.38,0.07,0.04,0.37,-8.048,0.092,128.009,1,11,0.031,4,77,1302645
Teri Khatar Kharhya Medam,Safdarjung Rana|Kiran Sharma,/artist/safdarjung-rana|/artist/kiran-sharma,03:13,Haryanvi,08-02-2010,0.74,0.769,0.412,0.385,-12.095,0.03,146.04,0,8,0.0583,4,53,9436309
Chahiye Rasgoole,Safdarjung Rana|Uma Dubey,/artist/safdarjung-rana|/artist/uma-dubey-1,03:01,Haryanvi,05-04-2015,0.39,0.93,0.025,0.16,-9.299,0.05,97.981,1,6,0.024,4,58,2187599
Sargam Surh Ke Been Ki,Yazin Nizar,/artist/yasin,07:00,Haryanvi,02-11-2022,0.65,0.821,0.9,0.905,-11.755,0.055,83.976,0,6,0.0179,4,26,9489527
Apne Apne Baalam Ki,Dilraj Kaur|Savita Saathi,/artist/dilraj-kaur|/artist/savita-saathi,06:20,Haryanvi,10-12-2002,0.82,0.2,0.388,0.94,-6.013,0.073,94.062,1,4,0.0865,4,66,8473940
Holi Khelenge Aaj Meri Aaj,Raj Kishan|Agwan Puriya|Vandana Bajpeyie,/artist/raj-kishan|/artist/agwan-puriya|/artist/vandana-bajpeyie,04:00,Haryanvi,03-04-2022,0.83,0.344,0.729,0.458,-3.434,0.0255,127.994,0,11,0.0605,4,29,5892402
Mhare Kise Barati Aaye Ree Sarmaau Soo,Kusum Tanwar,/artist/kusum-tanwar,04:00,Haryanvi,10-08-2006,0.78,0.51,0.765,0.22,-7.53,0.0071,150.062,1,11,0.08,4,68,6010978
Bihari Leke Bahu Nai,Rajesh Madina|Anuja,/artist/rajesh-madina|/artist/anuja,05:16,Haryanvi,04-05-2008,0.22,0.731,0.039,0.208,-10.706,0.02,120.1,0,7,0.003,4,30,5281202
Fagan Aaya Re Rangila,Anuradha Paudwal|Shyam Bhateja,/artist/anuradha-paudwal-2|/artist/shyam-bhateja,07:14,Haryanvi,08-06-2001,0.17,0.53,0.458,0.03,-10.836,0.0658,181.444,0,6,0.02,4,85,2887334
Tino Goriyon Ke Beech,Mohini Narula|Sudarshan Bali,/artist/mohini-narula|/artist/sudarshan-bali,03:07,Haryanvi,01-02-2004,0.19,0.38,0.538,0.732,-6.526,0.06,129.014,1,8,0.08,4,57,2632802
Manne Pad Gayi Aaj Sunani Kahaani Hariyane Walon Ki,Sumer Singh Sehrawat,/artist/sumer-singh-sehrawat,05:00,Haryanvi,04-01-2021,0.33,0.7,0.71,0.37,-9.692,0.01,160.084,0,1,0.0609,4,41,10457324
Billo Bach Ke Chal,Rajesh Madina|Anuja,/artist/rajesh-madina|/artist/anuja,04:36,Haryanvi,08-02-2012,0.31,0.84,0.908,0.967,-3.087,0.03,149.042,1,11,0.075,4,61,7448282
Paro Re Paro Teri Aankh Nashili,Mahendra Kapoor|Suresh Wadkar|Dilraj Kaur,/artist/mahendra-kapoor|/artist/suresh-wadkar|/artist/dilraj-kaur,05:44,Haryanvi,06-10-2007,0.12,0.02,0.881,0.75,-2.445,0.084,138.024,1,9,0.07,4,27,10445865
Mera Piya,Rajesh Madina|Anuja,/artist/rajesh-madina|/artist/anuja,09:28,Haryanvi,07-08-2003,0.43,0.077,0.135,0.183,-4.549,0.042,151.097,0,6,0.07,4,91,6887472
Sili Sili Baal Aai Kaali Kaali Ghata Chhai,Bhaal Singh|Savita Saathi,/artist/bhaal-singh|/artist/savita-saathi,07:18,Haryanvi,01-05-2022,0.69,0.14,0.212,0.34,-10.987,0.079,94.981,0,11,0.0885,4,43,4874315
Door Des Te Aaya Maniyara,Suresh Wadkar|Dilraj Kaur,/artist/suresh-wadkar|/artist/dilraj-kaur,05:00,Haryanvi,09-03-2012,0.75,0.553,0.654,0.485,-13.631,0.05,75.445,0,1,0.03,4,70,4690223
Aaja Tannai Sair Karau Hariyane Aali,Devkumar Ghayal|GEETA RANI,/artist/devkumar-ghayal|/artist/geeta-rani,08:56,Haryanvi,03-07-2003,0.42,0.08,0.559,0.12,-10.457,0.023,111.959,0,5,0.083,4,62,4538194
Main Su Kaachchi Kali Kachnaar,Hemlata,/artist/hemlata,04:00,Haryanvi,01-07-2014,0.1,0.559,0.347,0.178,-13.551,0.0041,99.034,0,7,0.034,4,58,3239421
Ho Chhori Tannak Dat Ja Nai,Devkumar Ghayal|GEETA RANI,/artist/devkumar-ghayal|/artist/geeta-rani,07:01,Haryanvi,08-03-2001,0.6,0.25,0.92,0.14,-2.739,0.06,154.187,1,1,0.0056,4,63,10766899
Olyan Thari Aave,Anuradha Paudwal,/artist/anuradha-paudwal-2,07:27,Haryanvi,09-08-2008,0.11,0.742,0.624,0.971,-12.554,0.078,142.094,1,8,0.0243,4,71,9815291
Din Kat Ja Sei,Suresh Wadkar,/artist/suresh-wadkar,06:10,Haryanvi,08-04-2020,0.84,0.3,0.525,0.63,-12.923,0.055,148.775,1,2,0.05,4,35,1339146
Pine Ka Tane Pata Nahin,Satpal,/artist/satpal,02:59,Haryanvi,12-01-2021,0.96,0.266,0.639,0.352,-5.345,0.06,175.046,0,7,0.062,4,75,7220801
Sun Mere Mausa Suni Ak Naan,Various Artist,/artist/various-artist,07:38,Haryanvi,07-01-2010,0.71,0.09,0.08,0.5,-9.655,0.02,161.989,0,10,0.0554,4,76,9096901
Meri Chhann Pachheli Hatha Mein,Pushpa Pagdhare|Jaishri,/artist/pushpa-pagdhare|/artist/jaishri,04:17,Haryanvi,09-08-2014,0.08,0.897,0.829,0.728,-3.009,0.06,80.015,1,2,0.058,4,44,5909975
Main Pardesi Banda,Chandervati|Satpal,/artist/chandervati|/artist/satpal,03:00,Haryanvi,02-09-2017,0.27,0.35,0.65,0.71,-4.457,0.0675,165.995,1,10,0.021,4,78,8130768
Dhol Wale Dhol Tu,Rajesh Madina|Anuja,/artist/rajesh-madina|/artist/anuja,04:49,Haryanvi,06-06-2001,0,0.987,0.162,0.651,-5.276,0.009,130.049,0,11,0.07,4,85,7556783
Chhori Teri Mehangi,Rajesh Madina|Anuja,/artist/rajesh-madina|/artist/anuja,04:23,Haryanvi,07-04-2009,0.83,0.57,0.617,0.76,-9.505,0.0233,112.511,0,10,0.059,4,51,9011190
Hum Hindustani Dushman Kani,Raj Kishan|Agwan Puriya,/artist/raj-kishan|/artist/agwan-puriya,05:00,Haryanvi,09-09-2014,0.52,0.735,0.3,0.105,-11.874,0.0842,131.05,0,11,0.0435,4,94,7763829
Chand Chadhya Aasman Mein,Pushpa Pagdhare,/artist/pushpa-pagdhare,08:04,Haryanvi,01-04-2014,0.58,0.27,0.036,0.38,-11.272,0.0041,154.904,1,7,0.06,4,53,10783639
Sahane Hongen Dukh Ugon Tak,Guru Das Sharma,/artist/guru-das-sharma,04:00,Haryanvi,08-04-2012,0.12,0.25,0.889,0.344,-11.232,0.07,202.006,0,1,0.091,4,46,10608291
Kis Tariya Jiyagi,Savita Saathi|Mohammad Aziz,/artist/savita-saathi|/artist/mohammad-aziz,05:49,Haryanvi,08-01-2013,0.67,0.49,0.287,0.39,-13.86,0.0948,120.088,0,10,0.055,4,38,1923573
Saari Duniya Badal Gai,Bijendra Singh,/artist/bijendra-singh,04:00,Haryanvi,04-12-2009,0.2,0.872,0.349,0.234,-6.776,0.02,179.974,1,0,0.008,4,30,7852125
Molbi Ji Meri Manjil Mil Gai,Guru Das Sharma,/artist/guru-das-sharma,06:00,Haryanvi,07-04-2017,0.37,0.38,0.866,0.7,-9.925,0.0174,100.541,1,1,0,4,94,8828203
Ho Ram Ras Piyo,Bhaal Singh,/artist/bhaal-singh,05:00,Haryanvi,09-04-2016,0.12,0.236,0.152,0.272,-11.985,0.08,140.894,0,9,0.0156,4,98,8821117
Deekhe Sei Badmash Chhana,Savita Saathi|Bhaal Singh,/artist/savita-saathi|/artist/bhaal-singh,05:00,Haryanvi,05-02-2021,0.25,0.15,0.728,0.27,-11.118,0.038,127.05,1,1,0.04,4,74,10231990
Tai Dekh Ghani Sharm,Rajesh Madina|Anuja,/artist/rajesh-madina|/artist/anuja,04:23,Haryanvi,10-04-2005,0.47,0.13,0.545,0.691,-9.747,0.043,160.004,1,9,0.03,4,27,5901128
Ho Chhore Bhar De Mhari,Devkumar Ghayal|GEETA RANI,/artist/devkumar-ghayal|/artist/geeta-rani,06:34,Haryanvi,03-04-2015,0.98,0.74,0.357,0.41,-2.768,0.057,96.016,0,2,0.0716,4,65,6143025
Udhti Chidiya Fasee,Rajesh Madina|Anuja,/artist/rajesh-madina|/artist/anuja,03:40,Haryanvi,11-07-2023,0.11,0.165,0.599,0.205,-10.874,0.036,74.236,0,3,0.0081,4,99,1360248
Sapere Jara Been Bajaa Haule Haule,Asha Bhosle,/artist/asha-bhosle-1,05:00,Haryanvi,08-05-2006,0.74,0.93,0.486,0.17,-2.17,0.0946,141.034,0,7,0.08,4,100,8992465
Baaje Chhe Re Bajo Paat Ko,Pushpa Pagdhare|Jaishri,/artist/pushpa-pagdhare|/artist/jaishri,04:48,Haryanvi,11-12-2007,0.64,0.859,0.425,0.621,-13.667,0.047,147.965,0,4,0.014,4,41,368057
Tu Roop Nagar Ki Rani Sei,Shabbir Kumar|Hemlata,/artist/shabbir-kumar|/artist/hemlata,05:00,Haryanvi,02-02-2014,0.48,0.96,0.048,0.31,-4.27,0.016,99.978,1,0,0.0599,4,75,3867064
Meri Rajbala,Bhaal Singh,/artist/bhaal-singh,06:00,Haryanvi,09-04-2022,0.61,0.665,0.013,0.61,-4.971,0.059,76.997,1,6,0.059,4,92,151135
Sajna Main Jaangi Mele Mein,Ram Niwas Sharma|Kammo,/artist/ram-niwas-sharma|/artist/kammo,06:00,Haryanvi,07-04-2021,0.42,0.52,0.458,0.54,-8.204,0.06,160.038,0,11,0.0358,4,89,9508396
Tu Rohtak Ki Revdi,Munshi Ram|Vandana,/artist/munshi-ram|/artist/vandana,04:56,Haryanvi,06-07-2006,0.73,0.951,0.676,0.059,-9.337,0.07,156.04,0,0,0,4,35,732293
Kade Ke Sang Chaal Padi,Yazin Nizar,/artist/yasin,04:00,Haryanvi,03-09-2016,0.4,0.05,0.507,0.91,-7.88,0.02,117.532,0,9,0.0186,4,81,10917303
Arai Sunati Jaye Hire,Yazin Nizar,/artist/yasin,06:00,Haryanvi,08-01-2003,0.89,0.574,0.529,0.203,-3.624,0.04,86.003,1,9,0.076,4,92,8946133
Ke Soche Ar Ke Ban Ja,Bhaal Singh,/artist/bhaal-singh,06:00,Haryanvi,03-03-2023,0.62,0.54,0.541,0.24,-13.823,0.046,100.007,1,4,0.09,4,95,7953918
Baat Baat Mein Teri Yaad Mein,Suresh Wadkar,/artist/suresh-wadkar,05:00,Haryanvi,07-08-2010,0.34,0.458,0.63,0.941,-12.78,0.044,94.932,0,7,0.0896,4,34,10795231
Peeth Thonk Puchkare Chhore,Guru Das Sharma,/artist/guru-das-sharma,08:00,Haryanvi,09-11-2002,0.19,0.72,0.435,0.58,-2.906,0.06,125.089,1,8,0.042,4,74,7621565
Naye Chore Pyar Kare,Rajesh Madina|Anuja,/artist/rajesh-madina|/artist/anuja,03:54,Haryanvi,02-02-2004,0.23,0.7,0.022,0.228,-6.673,0.09,100.008,1,1,0.06,4,32,10596093
Tubewell Par Kapde,Rajesh Madina|Anuja,/artist/rajesh-madina|/artist/anuja,04:21,Haryanvi,09-12-2007,0.08,0.36,0.522,0.42,-12.57,0.01,64.934,0,1,0.01,4,96,2190923
Main Bin Byahi Chhori,Devkumar Ghayal|GEETA RANI,/artist/devkumar-ghayal|/artist/geeta-rani,06:19,Haryanvi,12-01-2019,0.76,0.056,0.439,0.974,-9.824,0.06,145.063,1,8,0.02,4,67,7722485
Baad Diya Tanai Mhare Ghar Mein,Devkumar Ghayal|GEETA RANI,/artist/devkumar-ghayal|/artist/geeta-rani,07:03,Haryanvi,08-12-2000,0.29,0.94,0.173,0.98,-13.758,0.085,99.183,1,8,0.03,4,87,1335805
Kaun Se Gaam Ka Pardesi,Shabbir Kumar|Hemlata,/artist/shabbir-kumar|/artist/hemlata,04:00,Haryanvi,06-02-2018,0.65,0.859,0.527,0.887,-2.263,0.067,153.973,1,8,0.07,4,72,9109457
Ke Ho Gaya Manne Sakhiyon,Dilraj Kaur,/artist/dilraj-kaur,04:35,Haryanvi,07-11-2003,0.57,0.42,0.83,0.94,-4.642,0.0311,105.955,1,5,0.07,4,48,1531567
Budhi Ae Lugaai Mastaai,Dilraj Kaur,/artist/dilraj-kaur,06:26,Haryanvi,09-02-2018,1,0.907,0.204,0.373,-5.301,0.0068,155.096,0,0,0.01,4,51,7592914
Sau Sau Mann Ke Bol,Dilraj Kaur|Suresh Wadkar,/artist/dilraj-kaur|/artist/suresh-wadkar,05:22,Haryanvi,10-05-2011,0.33,0.58,0.157,0.42,-13.228,0.01,126.77,0,0,0.048,4,54,5144005
Tikte Na Paon Jami Par,Ravindra Sathe,/artist/ravindra-sathe,04:26,Haryanvi,06-12-2014,0.05,0.182,0.765,0.06,-3.637,0.058,111.983,1,0,0.05,4,41,1379504
Ghoonghat Hataa Gagan Ke Chanda,Nitin Mukesh,/artist/nitin-mukesh,05:13,Haryanvi,09-11-2016,0.18,0.11,0.472,0.07,-8.733,0.04,127.014,1,1,0.09,4,79,9792018
Bebe Saaman Aaya,Savita Saathi,/artist/savita-saathi,05:10,Haryanvi,08-02-2016,0.76,0.683,0.921,0.236,-6.922,0.06,147.018,1,8,0.05,4,40,9455236
Main Su Champakali Main Su Misri Ki Dali,Anuradha Paudwal|Dilraj Kaur,/artist/anuradha-paudwal-2|/artist/dilraj-kaur,04:00,Haryanvi,04-07-2019,0.74,0.16,0.978,0.03,-5.678,0.08,101.91,1,4,0.061,4,60,10554517
Raat Ne Kaheri Tera Daaman Sima Dun,Vandana Bajpeyie,/artist/vandana-bajpeyie,05:00,Haryanvi,10-10-2022,0.84,0.993,0.19,0.254,-13.316,0.047,79.992,0,8,0.057,4,30,3170804
Bakvasvani - Haryanvi Cricket Commentary - Part - I,Ravi Sharma,/artist/ravi-sharma,05:56,Haryanvi,02-12-2015,0.01,0.3,0.85,0.48,-12.408,0.003,160.223,0,0,0.0014,4,81,8813113
Ghana Dukh Hey Yaane Bhartar Ka,Dilraj Kaur,/artist/dilraj-kaur,05:00,Haryanvi,09-02-2007,0.62,0.818,0.319,0.863,-8.612,0.009,89.921,0,8,0.07,4,96,7871724
Pardesi Tanne Neend Khos Li,Anuradha Paudwal,/artist/anuradha-paudwal-2,06:12,Haryanvi,02-07-2000,0.85,0.75,0.912,0.72,-12.558,0.006,171.853,0,6,0.06,4,90,9985673
Choodiyaan Ki Khan Khan Degya Koi Rangeela,Hemlata,/artist/hemlata,04:00,Haryanvi,09-08-2003,0.39,0.544,0.24,0.904,-12.738,0.0813,173.948,1,11,0.0136,4,96,4678902
Thali Upar Bela,Vandana,/artist/vandana,04:24,Haryanvi,02-12-2004,0.53,0.76,0.774,0.08,-7.923,0.003,136.173,0,6,0.074,4,50,253378
Roop Janana Dhar,Satpal,/artist/satpal,03:22,Haryanvi,03-07-2010,0.84,0.024,0.266,0.377,-6.881,0.0706,123.017,1,7,0.0043,4,42,3421446
Bharan Jaat Mein Zindagi Khoye,Nitin Mukesh,/artist/nitin-mukesh,04:53,Haryanvi,02-03-2001,0.52,0.4,0.027,0.71,-10.815,0.081,102.977,0,1,0.0184,4,93,8819345
Dadi Choodi Sei Ajmeri,Shabbir Kumar,/artist/shabbir-kumar,04:00,Haryanvi,01-10-2016,0.67,0.062,0.189,0.065,-12.834,0.03,139.864,0,5,0.0797,4,26,2376423
Sohni Soorat Man Men Bas Gai,Satpal,/artist/satpal,03:05,Haryanvi,04-10-2016,0.9,0.3,0.529,0.22,-2.624,0.03,143.477,0,10,0.0545,4,69,7478135
Matna Laavei Apne Haatha,Anuradha Paudwal,/artist/anuradha-paudwal-2,06:24,Haryanvi,06-04-2015,0.31,0.982,0.737,0.105,-11.328,0.082,130.007,1,9,0.08,4,70,8766347
Matna Laavei Apne Haatha - Sad,Anuradha Paudwal,/artist/anuradha-paudwal-2,01:35,Haryanvi,05-07-2001,0.18,0.44,0.112,0.18,-10.738,0.0855,160.052,0,4,0.0355,4,73,521812
Bakvasvani - Haryanvi Cricket Commentary - Part - Ii,Ravi Sharma,/artist/ravi-sharma,05:41,Haryanvi,06-03-2008,0.49,0.665,0.553,0.74,-4.718,0.05,154.964,0,6,0.0875,4,48,9817754
Solooh Ka Byah Part - I,Safdarjung Rana,/artist/safdarjung-rana,06:27,Haryanvi,12-11-2007,0.18,0.39,0.171,0.74,-2.188,0.0622,108.003,1,1,0.05,4,72,9032373
Solooh Ka Byah Part - Ii,Safdarjung Rana,/artist/safdarjung-rana,06:21,Haryanvi,01-03-2015,0.4,0.936,0.384,0.11,-4.432,0.006,145.062,1,10,0.0954,4,36,9981721
